"Permit_ID","Yelp_ID"
15,"null"
509,"j-and-p-cafeteria-washington"
520,"popeyes-washington"
523,NULL
524,NULL
525,NULL
529,"wendys-washington-3"
532,NULL
534,NULL
535,NULL
539,"liberty-tree-washington"
542,NULL
547,"monocle-on-capitol-hill-washington"
555,NULL
560,"taylor-gourmet-washington-3"
561,NULL
564,NULL
565,NULL
566,NULL
572,NULL
584,NULL
585,NULL
588,NULL
589,NULL
590,"subway-washington-30"
591,NULL
592,"sticky-rice-washington"
594,"popeyes-chicken-and-biscuits-washington-4"
598,"the-pug-washington"
602,"granville-moores-washington"
606,NULL
609,NULL
611,"eddies-washington"
612,"dannys-carryout-washington"
623,"five-guys-burgers-and-fries-washington"
624,NULL
649,NULL
669,NULL
684,"tropicana-eatery-washington-3"
686,NULL
691,NULL
693,NULL
694,NULL
696,NULL
697,NULL
702,NULL
704,NULL
713,"buka-restaurant-washington"
715,NULL
716,"argonaut-tavern-washington"
720,NULL
725,"china-wok-washington"
726,NULL
732,NULL
733,NULL
737,NULL
739,"wah-mee-restaurant-washington"
745,NULL
751,NULL
757,"golden-skillet-washington"
762,"zion-kitchen-washington"
767,NULL
771,NULL
778,"langston-bar-and-grille-washington"
782,"mcdonalds-washington-45"
783,NULL
784,NULL
790,"new-china-inc-washington"
794,NULL
795,NULL
797,NULL
798,"new-york-pizza-washington-3"
799,NULL
800,NULL
803,NULL
806,"the-201-bar-washington"
807,NULL
809,NULL
811,"the-201-bar-washington"
812,NULL
813,"union-pub-washington"
817,NULL
818,NULL
821,NULL
822,NULL
827,NULL
830,"queens-chapel-deli-and-market-washington"
832,"kfc-washington-6"
833,"deli-city-restaurant-washington"
837,NULL
840,"armands-chicago-pizzeria-washington"
843,NULL
845,NULL
855,NULL
857,NULL
858,NULL
860,NULL
861,"subway-washington-47"
862,"b-and-j-carryout-washington"
863,NULL
867,NULL
871,NULL
872,NULL
875,NULL
882,NULL
885,NULL
899,"white-tiger-restaurant-washington"
906,"la-loma-mexican-restaurant-washington"
911,"bistro-italiano-washington"
912,"burger-king-washington-4"
913,"popeyes-washington-3"
915,NULL
916,NULL
917,"caf?berlin-washington-2"
918,NULL
919,NULL
920,"bobbys-q-restaurant-washington"
938,"subway-washington-45"
939,"murry-and-pauls-restaurant-washington"
940,NULL
946,"brookland-grill-washington"
951,NULL
953,"tsim-yung-chinese-washington"
954,"cafe-sureia-washington"
966,NULL
970,NULL
972,"mcdonalds-washington-2"
975,NULL
976,"san-antonio-bar-and-grill-washington"
977,NULL
984,NULL
986,NULL
990,NULL
991,NULL
993,NULL
1003,NULL
1006,NULL
1016,NULL
1019,NULL
1021,NULL
1023,NULL
1024,NULL
1026,NULL
1027,NULL
1028,NULL
1031,NULL
1033,"dennys-washington"
1044,"full-yums-sub-shop-washington"
1046,"mcdonalds-washington-32"
1049,"east-street-cafe-washington"
1052,NULL
1054,"au-bon-pain-washington-2"
1056,"b-smiths-washington-2"
1061,NULL
1064,"center-cafe-at-union-station-washington"
1078,NULL
1079,"johnny-rockets-washington"
1080,NULL
1085,"sbarro-restaurant-washington"
1086,NULL
1088,NULL
1089,"thunder-grill-washington"
1094,"kabuki-sushi-washington"
1100,"mcdonalds-washington-46"
1110,NULL
1119,NULL
1139,"toscana-caf?washington-2"
1144,NULL
1148,NULL
1149,NULL
1152,NULL
1153,NULL
1156,NULL
1160,NULL
1161,NULL
1164,NULL
1165,NULL
1172,NULL
1176,"kennys-smokehouse-washington"
1179,"mcdonalds-washington-44"
1181,"luckys-cafe-washington"
1184,NULL
1186,NULL
1191,NULL
1193,NULL
1194,NULL
1195,"station-cafe-washington"
1199,NULL
1200,"mcdonalds-washington-25"
1202,"sunrise-cafe-washington-2"
1204,NULL
1205,NULL
1206,"acadiana-washington"
1207,"acadiana-washington"
1213,"james-hobans-irish-restaurant-and-bar-washington"
1215,"circle-bistro-washington"
1217,NULL
1220,NULL
1221,NULL
1222,NULL
1224,NULL
1225,NULL
1226,NULL
1227,NULL
1228,NULL
1229,NULL
1230,NULL
1233,NULL
1235,"14-k-restaurant-and-lounge-washington"
1236,NULL
1238,"north-gate-grill-washington"
1239,NULL
1240,"bravo-bravo-washington"
1243,NULL
1245,NULL
1246,NULL
1248,"au-bon-pain-washington-18"
1249,"central-michel-richard-washington"
1250,"via-cucina-washington"
1251,NULL
1252,NULL
1256,"the-roasting-house-washington"
1257,NULL
1259,"yee-hwa-korean-restaurant-washington-2"
1260,NULL
1261,"charlie-palmer-steak-washington"
1262,NULL
1264,"mega-wraps-washington"
1266,NULL
1267,"casa-blanca-restaurant-washington"
1268,NULL
1269,NULL
1271,NULL
1274,NULL
1275,"hunan-palace-washington"
1276,NULL
1277,NULL
1279,NULL
1280,NULL
1281,"java-green-washington"
1282,"the-passenger-washington"
1283,"zenobia-lounge-washington"
1284,"busboys-and-poets-washington-3"
1287,NULL
1288,"vermont-village-cafe-washington"
1289,NULL
1290,"quiznos-sub-washington"
1291,"stans-restaurant-and-bar-washington"
1293,NULL
1294,"caf?la-ruche-washington-2"
1295,NULL
1296,NULL
1297,"the-indian-experience-washington"
1299,"ascot-restaurant-washington"
1302,"mortons-the-steakhouse-washington-3"
1304,"sea-catch-restaurant-washington"
1305,"canal-caf?washington-2"
1306,NULL
1307,NULL
1309,NULL
1311,"filomena-ristorante-washington"
1312,"ching-ching-cha-washington"
1314,NULL
1315,NULL
1316,"ristorante-piccolo-washington"
1319,NULL
1320,"paper-moon-washington-2"
1321,"chopsticks-washington"
1322,"california-grill-washington-2"
1323,NULL
1324,NULL
1328,"au-bon-pain-washington-7"
1329,"lawsons-deli-washington"
1330,"the-meeting-place-washington"
1332,"florida-avenue-grill-washington"
1333,NULL
1335,NULL
1336,"subway-washington-24"
1337,"sushi-aoi-washington"
1338,"capitol-city-brewing-company-washington-3"
1339,"bibiana-washington"
1340,"haad-thai-restuarant-washington"
1362,"city-buffet-restaurant-washington"
1363,NULL
1365,NULL
1366,NULL
1371,NULL
1372,"subway-washington-60"
1373,"brasserie-beck-washington"
1374,"the-wonderland-ballroom-washington"
1375,NULL
1376,"fogo-de-chao-washington-2"
1377,"au-bon-pain-washington-7"
1378,"sunrise-cafe-washington"
1379,NULL
1380,"mayur-kabab-house-washington"
1381,NULL
1382,NULL
1384,NULL
1388,NULL
1389,"italian-kitchen-on-u-washington-3"
1390,"mio-restaurant-washington"
1392,NULL
1394,NULL
1395,"west-wing-cafe-washington"
1396,"west-wing-cafe-washington"
1397,NULL
1398,"smith-and-wollensky-washington"
1399,"tosca-washington"
1400,NULL
1401,NULL
1403,"subway-washington-4"
1404,"cafe-cozy-corner-washington"
1407,NULL
1408,"greek-deli-and-catering-washington"
1409,"jonathans-gourmet-deli-washington"
1410,"nooshi-washington"
1411,NULL
1412,"west-wing-cafe-washington-2"
1413,"via-cucina-express-washington"
1417,"sip-of-seattle-washington"
1420,"corduroy-washington-4"
1422,"subway-washington-24"
1423,NULL
1425,NULL
1427,"el-rinconcito-cafe-washington"
1428,"jacks-famous-deli-washington-5"
1429,"subway-washington-60"
1431,NULL
1432,"famous-luigis-restaurant-washington"
1434,NULL
1435,"baja-grille-washington"
1437,NULL
1438,"the-university-club-of-washington-dc-washington"
1439,NULL
1440,"tandoori-time-washington"
1441,"via-19-washington"
1442,"quiznos-washington-7"
1443,NULL
1447,"the-works-cafe-washington"
1449,NULL
1450,NULL
1451,NULL
1453,NULL
1454,NULL
1455,NULL
1456,"port-of-piraeus-market-washington-4"
1457,NULL
1458,"jackie-lees-the-lounge-uptown-washington"
1459,NULL
1460,NULL
1462,"westend-bistro-by-eric-ripert-washington"
1463,"friends-kabob-washington"
1464,NULL
1465,NULL
1466,NULL
1467,"daily-grill-washington"
1469,NULL
1470,"high-noon-fresh-and-ready-washington"
1471,"mai-thai-washington-2"
1472,NULL
1473,"constitution-cafe-washington-3"
1474,NULL
1475,NULL
1477,"franklin-grille-washington"
1478,"grillfish-washington"
1479,"meiwah-washington"
1482,NULL
1484,"blue-duck-tavern-washington"
1487,NULL
1488,"oceanaire-seafood-room-washington-2"
1490,"atrium-cafe-washington-3"
1491,"district-grill-washington"
1492,NULL
1493,"bobby-vans-steakhouse-washington"
1494,"cafe-phillips-washington-3"
1495,NULL
1496,"elephant-and-castle-washington"
1497,NULL
1498,"subway-sandwiches-and-salads-washington-2"
1499,"islander-carribean-restaurant-and-lounge-washington-2"
1500,"das-ethiopian-washington"
1501,NULL
1503,NULL
1504,NULL
1505,"indulj-washington"
1506,NULL
1507,"quick-pita-washington-3"
1509,NULL
1512,NULL
1515,NULL
1516,"bens-chili-bowl-washington"
1517,"public-bar-washington"
1518,NULL
1519,"ulah-bistro-washington"
1522,NULL
1524,"bertuccis-brick-oven-pizzeria-washington-2"
1525,NULL
1526,"old-dominion-brewhouse-washington"
1527,NULL
1528,"pasara-thai-restaurant-washington"
1529,"ristorante-i-ricchi-washington"
1530,"the-melting-pot-washington-2"
1533,NULL
1535,NULL
1536,"cf-folks-restaurant-washington"
1537,"palm-restaurant-washington"
1538,NULL
1540,NULL
1541,"1789-washington-2"
1542,NULL
1544,NULL
1546,NULL
1547,"mcdonalds-washington-13"
1548,"the-tombs-washington"
1549,"wisemillers-grocery-and-deli-washington"
1550,"dc-bread-and-brew-washington"
1552,NULL
1555,NULL
1556,"trattoria-nicolas-washington"
1559,NULL
1561,NULL
1564,"stevens-sandwich-shoppe-washington"
1565,NULL
1566,NULL
1567,"quiznos-sub-washington-2"
1568,"elis-restaurant-washington-3"
1569,"casa-nonna-washington"
1570,"billy-martins-tavern-washington"
1571,"cosi-washington"
1575,"au-bon-pain-washington-18"
1576,NULL
1579,NULL
1580,"moby-dick-house-of-kabob-washington"
1581,NULL
1582,"solar-cafe-washington"
1583,NULL
1586,"quiznos-subs-washington-8"
1587,NULL
1593,NULL
1601,"market-to-market-washington-2"
1606,"aria-pizzeria-and-bar-washington-3"
1609,NULL
1610,"sbarro-washington-4"
1615,NULL
1616,"luna-grill-and-diner-washington"
1617,"soho-cafe-and-market-washington-3"
1618,"chef-geoffs-downtown-washington"
1620,NULL
1621,NULL
1622,NULL
1623,"sala-thai-washington-2"
1624,"alero-restaurant-washington-4"
1625,"paolos-ristorante-washington"
1628,NULL
1630,NULL
1631,NULL
1632,"firefly-washington"
1633,"pizza-hut-washington-20"
1634,"daily-grill-washington-3"
1635,NULL
1636,NULL
1638,NULL
1639,NULL
1641,"popeyes-famous-fried-chicken-washington-4"
1642,NULL
1643,NULL
1644,NULL
1645,"la-villa-washington"
1647,NULL
1650,NULL
1651,"finemondo-restaurant-washington"
1652,"levantes-washington"
1653,NULL
1654,NULL
1657,"creme-cafe-and-lounge-washington"
1658,NULL
1660,"cafe-cantina-washington-3"
1661,"thai-tanic-restaurant-washington"
1662,"el-rinconcito-ii-washington"
1663,NULL
1665,"taj-mahal-restaurant-washington"
1666,"otello-washington"
1670,NULL
1672,"shellys-back-room-washington-2"
1673,"subway-washington-24"
1674,"devon-and-blakely-washington-2"
1675,"cafe-mozart-washington"
1678,"grill-kabob-washington"
1679,NULL
1680,"avenue-grill-washington"
1681,NULL
1682,NULL
1683,NULL
1685,NULL
1689,"quiznos-washington-28"
1695,"cosi-washington-11"
1697,"the-front-page-washington"
1698,"baja-fresh-mexican-grill-washington"
1699,NULL
1701,"five-guys-burgers-and-fries-washington-8"
1702,"azis-cafe-washington"
1703,"tabaq-bistro-washington"
1705,NULL
1706,"heritage-india-washington-2"
1708,NULL
1710,"ceiba-washington-2"
1711,NULL
1712,NULL
1713,"caf?citron-washington-3"
1714,"jumbo-pizza-washington-2"
1715,NULL
1717,"cafe-collage-washington"
1718,NULL
1719,NULL
1720,"cosi-washington-8"
1722,NULL
1723,NULL
1726,"tuscana-west-washington"
1728,"jonathans-gourmet-deli-washington-2"
1729,NULL
1731,"republic-gardens-restaurant-washington"
1732,"subway-washington-38"
1734,"kellys-irish-times-washington"
1735,NULL
1736,NULL
1737,"subway-sandwich-shop-washington-4"
1738,NULL
1739,NULL
1740,NULL
1741,"five-guys-burgers-and-fries-washington-2"
1742,"jacks-fresh-washington-5"
1743,"lighter-restaurant-washington"
1745,"five-guys-washington-2"
1746,NULL
1747,"petes-new-haven-style-apizza-washington"
1748,"potbelly-sandwich-works-washington-16"
1749,"tjs-gourmet-deli-washington"
1751,NULL
1752,NULL
1753,NULL
1754,NULL
1755,NULL
1764,NULL
1766,"au-bon-pain-washington-7"
1767,"dc-coast-washington-2"
1769,"quiznos-washington-9"
1770,NULL
1771,NULL
1772,NULL
1774,"occidental-washington"
1775,"willard-room-restaurant-washington"
1776,"caf?du-parc-washington-2"
1780,NULL
1782,NULL
1783,NULL
1785,"bangkok-one-washington"
1787,"dc-noodles-washington-6"
1791,"cafe-eagle-washington"
1792,"coppis-organic-washington"
1793,"lalibela-restaurant-washington"
1794,NULL
1795,NULL
1801,NULL
1803,NULL
1804,NULL
1805,"logan-tavern-washington"
1806,NULL
1807,NULL
1809,"new-york-cafe-washington"
1811,NULL
1813,NULL
1814,NULL
1815,NULL
1816,"stoneys-bar-and-grill-washington"
1817,NULL
1818,NULL
1819,NULL
1820,"station-9-washington"
1821,NULL
1823,NULL
1825,NULL
1826,NULL
1829,"commissary-washington"
1830,"subway-washington-24"
1831,"sizzling-express-washington-2"
1832,NULL
1836,NULL
1839,NULL
1840,"occidental-washington"
1841,NULL
1843,NULL
1844,NULL
1848,"caf?dupont-washington-3"
1850,NULL
1853,NULL
1854,NULL
1855,"cosi-washington-12"
1856,NULL
1857,"cornerstone-cafe-washington"
1859,NULL
1860,"sushi-taro-washington"
1861,"queen-of-sheba-washington"
1865,NULL
1867,NULL
1869,"cafe-green-washington"
1870,NULL
1871,NULL
1872,NULL
1874,NULL
1875,NULL
1877,"kramerbooks-and-afterwords-cafe-washington"
1878,NULL
1879,"jojo-restaurant-and-bar-washington"
1880,"jrs-bar-and-grill-washington"
1881,"fast-eddies-billiard-cafe-washington"
1883,"caf?bonaparte-washington-2"
1884,NULL
1885,NULL
1886,"selam-restaurant-washington"
1887,NULL
1888,NULL
1889,"great-wall-szechuan-house-washington"
1890,"jacks-fresh-washington-4"
1892,NULL
1896,"trio-restaurant-washington-2"
1902,NULL
1903,"los-cuates-washington"
1904,"the-eye-street-grill-washington"
1906,NULL
1907,NULL
1908,NULL
1909,NULL
1910,NULL
1911,NULL
1914,"circa-at-dupont-washington"
1916,"floriana-washington"
1918,"local-16-washington"
1920,"one-lounge-washington"
1921,NULL
1922,NULL
1923,"rice-washington"
1924,"basil-thai-restaurant-washington"
1925,"jetties-washington"
1926,NULL
1927,NULL
1928,"darlington-house-washington"
1929,"stetsons-famous-bar-and-grill-washington"
1930,"zorbas-cafe-washington"
1931,NULL
1932,"subway-washington-16"
1933,"to-market-to-market-washington"
1934,NULL
1935,NULL
1936,"prego-again-washington"
1941,"mcdonalds-washington-21"
1944,NULL
1945,NULL
1946,"georgetown-cafe-washington-2"
1947,"hanks-oyster-bar-washington"
1948,"chi-cha-lounge-washington"
1950,"blt-steak-washington"
1951,NULL
1953,NULL
1957,"chipotle-washington-3"
1958,NULL
1961,NULL
1962,NULL
1963,"la-frontera-cantina-washington"
1964,NULL
1966,"skewers-washington"
1967,"cafe-luna-washington"
1968,NULL
1969,"park-place-gourmet-ii-washington"
1971,"potbelly-sandwich-works-washington-9"
1972,"bua-restaurant-washington"
1973,"oriental-cafe-washington"
1974,"dupont-italian-kitchen-washington"
1976,"townhouse-tavern-washington"
1978,NULL
1982,"five-guys-burgers-and-fries-washington-6"
1983,NULL
1984,"patisserie-poupon-washington"
1986,"cosi-washington-13"
1987,"mccormick-and-schmicks-washington-2"
1988,"shawarma-king-washington"
1989,NULL
1990,NULL
1991,"potbelly-sandwich-shop-washington-13"
1992,"don-juan-restaurant-washington"
1994,"sette-osteria-washington"
1995,"subway-washington-60"
1997,"steam-cafe-and-lounge-washington"
2001,NULL
2003,NULL
2004,NULL
2005,NULL
2008,"cosi-washington-12"
2009,NULL
2010,NULL
2012,"la-tomate-washington"
2015,"potbelly-sandwich-shop-washington-13"
2016,"au-bon-pain-washington"
2017,NULL
2018,"m-e-swing-coffee-roasters-washington"
2019,NULL
2021,"sweetlicks-washington"
2023,"g-street-food-washington"
2026,"quiznos-washington-10"
2027,NULL
2029,NULL
2032,"thai-chef-sushi-bar-restaurant-washington"
2033,NULL
2034,"odeon-cafe-washington"
2036,NULL
2037,NULL
2039,NULL
2041,"johnny-rockets-washington-3"
2042,NULL
2043,"jacks-fresh-washington-3"
2044,"la-cafe-ii-washington"
2045,"cafe-asia-washington"
2046,"california-grill-washington-2"
2047,NULL
2048,NULL
2051,NULL
2052,NULL
2053,"vie-de-france-washington"
2054,"locolat-caf?washington-2"
2055,NULL
2056,"alero-restaurant-washington-2"
2057,"au-bon-pain-washington-5"
2058,"the-mudd-house-washington"
2059,"panache-washington"
2060,"met-cafe-washington"
2061,NULL
2062,"wendys-washington-2"
2064,"maddys-washington"
2066,NULL
2070,NULL
2071,NULL
2072,"suki-asia-washington"
2074,"city-lights-of-china-washington"
2075,NULL
2076,NULL
2077,"mourayo-washington"
2080,NULL
2081,NULL
2082,NULL
2084,NULL
2085,NULL
2087,"bistrot-lepic-washington"
2088,"crumbs-and-coffee-washington"
2089,"anna-marias-italian-restaurant-washington"
2090,NULL
2095,NULL
2097,"pollo-granjero-washington"
2101,NULL
2102,NULL
2103,NULL
2104,NULL
2105,"breadline-washington"
2107,"popeyes-chicken-and-biscuits-washington-5"
2109,"o-tasty-washington"
2111,"pizza-mart-washington"
2112,"burger-king-washington-11"
2113,"combination-restaurant-washington"
2114,NULL
2115,NULL
2116,"subway-washington-54"
2118,"cafe-phillips-washington"
2119,"taberna-del-alabardero-washington"
2120,NULL
2123,NULL
2125,"keren-restaurant-washington"
2126,"el-khartoum-washington"
2127,"pizzeria-trattoria-washington"
2129,"el-tamarindo-washington"
2130,"pasta-mia-washington"
2131,"mixtec-restaurant-washington"
2136,"russia-house-restaurant-and-lounge-washington-2"
2137,"an-uncommon-cafe-washington-2"
2140,NULL
2142,NULL
2143,"vapiano-washington-2"
2144,NULL
2145,"1800-caf?washington-2"
2147,NULL
2148,NULL
2149,NULL
2150,"corner-bakery-cafe-washington"
2151,"the-best-sandwich-place-washington"
2152,NULL
2153,"au-bon-pain-washington-5"
2155,"sulgrave-club-washington"
2160,"mandu-washington"
2161,NULL
2163,NULL
2164,NULL
2165,NULL
2169,NULL
2170,NULL
2172,"ozio-washington-2"
2174,NULL
2176,NULL
2177,NULL
2178,NULL
2181,"cashions-eat-place-washington"
2184,"giovannis-trattu-washington"
2185,NULL
2186,NULL
2187,NULL
2188,NULL
2189,NULL
2191,NULL
2192,NULL
2194,NULL
2195,"buca-di-beppo-washington"
2196,NULL
2197,"five-guys-washington-2"
2203,NULL
2205,"presto-pizza-pasta-washington"
2208,"ranch-1-washington-3"
2211,"sichuan-express-washington"
2213,"sign-of-the-whale-washington-2"
2214,NULL
2215,NULL
2216,NULL
2217,"malaysia-kopitiam-washington"
2221,"corner-bakery-cafe-washington"
2222,"cozy-cafe-washington-2"
2223,NULL
2224,"house-of-kabob-washington"
2225,"madhatter-washington-2"
2226,"bar-pilar-washington"
2227,"habana-village-washington"
2228,"caf?divan-washington-2"
2229,"lauriol-plaza-washington"
2230,"zabb-washington"
2232,"chipotle-washington-2"
2233,NULL
2235,NULL
2239,"cafe-saint-ex-washington"
2240,NULL
2242,NULL
2243,"au-bon-pain-washington-5"
2244,"au-bon-pain-washington-5"
2245,NULL
2246,NULL
2251,"cosi-washington-12"
2252,NULL
2253,NULL
2256,NULL
2258,NULL
2260,"potbelly-sandwich-shop-washington-13"
2261,"rumors-washington"
2262,NULL
2263,NULL
2264,"raku-washington"
2267,"mcdonalds-washington-4"
2268,NULL
2270,NULL
2273,NULL
2277,"ambassador-restaurant-and-bar-washington"
2278,NULL
2279,"teatro-goldoni-washington"
2282,"the-regent-thai-cuisine-washington"
2284,"chalins-restaurant-washington"
2287,"portico-restaurant-washington"
2288,"chartwell-grill-and-lounge-washington"
2289,NULL
2290,"plum-blossom-washington"
2291,"yetenbi-ethiopian-restaurant-washington"
2292,"kaz-sushi-bistro-washington"
2293,"axian-food-factory-washington"
2294,NULL
2295,"mcdonalds-washington-9"
2297,NULL
2298,"pizza-italia-washington"
2299,NULL
2300,NULL
2302,NULL
2303,NULL
2304,NULL
2306,NULL
2309,"aroma-indian-cuisine-washington-2"
2310,NULL
2311,"cosi-washington-4"
2312,NULL
2313,NULL
2314,"el-chalan-restaurant-washington"
2315,"little-ethiopia-restaurant-washington"
2317,"la-carbonara-washington"
2319,NULL
2320,NULL
2321,"capitol-pizza-washington-2"
2322,"zula-restaurant-washington"
2323,NULL
2324,NULL
2325,"axum-ethiopian-restaurant-washington"
2328,NULL
2329,NULL
2330,"jjs-cheesesteaks-washington"
2331,NULL
2332,NULL
2334,NULL
2336,"etete-washington"
2338,"subway-washington-34"
2340,NULL
2341,"subway-washington-54"
2342,"subway-washington-54"
2344,"baja-fresh-washington"
2346,"juice-zone-washington-2"
2347,"patza-grill-washington"
2350,"vidalia-restaurant-washington"
2351,"pizza-hut-washington-9"
2352,NULL
2353,"friends-kabob-washington"
2354,NULL
2359,NULL
2361,"hitching-post-washington"
2363,"l-enfant-cafe-and-bar-washington-2"
2364,NULL
2365,NULL
2367,NULL
2368,NULL
2371,"new-york-gourmet-deli-washington"
2373,"pizzeria-paradiso-washington"
2374,NULL
2375,NULL
2376,NULL
2377,"kinkeads-restaurant-washington"
2379,"johnny-rockets-washington-4"
2380,"italian-bertuccis-restaurant-washington"
2382,"au-bon-pain-washington-5"
2383,NULL
2384,NULL
2390,"crepeaway-washington"
2391,NULL
2393,NULL
2394,NULL
2395,NULL
2396,NULL
2397,NULL
2399,NULL
2400,NULL
2406,"teaism-washington-8"
2407,NULL
2409,"subway-washington-60"
2412,NULL
2413,NULL
2414,"primi-piatti-washington-2"
2415,NULL
2417,NULL
2419,"pesce-restaurant-washington"
2420,"bangkok-thai-dining-washington"
2422,NULL
2423,"ruths-chris-steak-house-washington"
2425,NULL
2426,"chix-washington"
2427,"cafe-lombardy-washington"
2428,"banana-leaves-washington"
2429,"peacock-grand-cafe-washington"
2430,"the-prime-rib-washington"
2431,NULL
2432,NULL
2433,"eola-washington"
2434,"busboys-and-poets-washington-2"
2435,"carvings-washington"
2436,"thai-kingdom-washington"
2437,NULL
2439,"american-red-cross-washington"
2440,"sakana-japanese-restaurant-washington"
2443,"food-corner-kabob-house-washington"
2444,"pizzeria-paradiso-washington"
2445,NULL
2447,NULL
2448,"subway-washington-39"
2449,NULL
2450,"cafe-japone-washington"
2451,"subway-washington-39"
2452,"m-street-bar-and-grill-washington"
2453,"dc-cafe-washington"
2454,"lindys-red-lion-washington"
2455,NULL
2456,NULL
2463,"pines-of-florence-dc-washington"
2464,NULL
2466,"scion-restaurant-washington"
2467,NULL
2470,"capitol-grounds-coffee-washington-2"
2471,NULL
2472,NULL
2473,NULL
2474,NULL
2476,NULL
2477,"duffys-irish-restaurant-and-pub-washington"
2479,NULL
2484,NULL
2485,NULL
2486,NULL
2487,NULL
2488,"eatonville-washington"
2489,"cosmos-club-washington"
2490,"urbana-washington"
2491,NULL
2492,NULL
2493,NULL
2494,NULL
2495,"uni-a-sushi-place-washington-2"
2496,NULL
2498,NULL
2501,"biryani-corner-washington"
2506,"cafe-romeos-washington"
2507,NULL
2508,"cafe-romeos-washington"
2510,"thai-place-washington"
2511,NULL
2512,"panda-cafe-washington-2"
2514,"graces-gourmet-washington"
2515,"jonathans-gourmet-deli-washington-3"
2516,"froggy-bottom-pub-washington"
2517,NULL
2519,NULL
2521,"soho-tea-and-coffee-washington"
2522,NULL
2523,NULL
2524,NULL
2525,"v-falafel-washington"
2528,"the-fireplace-washington"
2529,NULL
2534,NULL
2535,NULL
2536,NULL
2537,NULL
2539,"fat-daddys-washington"
2540,NULL
2541,"restaurant-judy-washington"
2543,NULL
2544,"restaurant-judy-washington"
2545,NULL
2548,"awash-restaurant-washington"
2549,"town-hall-washington-2"
2552,NULL
2553,NULL
2554,NULL
2556,NULL
2558,"soussi-restaurant-washington"
2559,"breadsoda-washington"
2560,NULL
2562,"sandellas-flatbread-cafe-washington"
2564,NULL
2567,NULL
2568,NULL
2570,"negril-eatery-washington"
2571,"subway-washington-4"
2572,"china-wonder-washington"
2573,"five-guys-famous-burgers-and-fries-washington"
2574,NULL
2575,"bread-and-chocolate-washington"
2576,NULL
2577,"exhale-washington"
2578,"las-canteras-washington"
2579,"afghan-grill-washington"
2580,"sushi-ko-washington"
2581,"momoyama-washington"
2582,NULL
2583,NULL
2584,NULL
2585,NULL
2586,NULL
2587,"dans-cafe-washington"
2589,"new-heights-restaurant-washington"
2590,NULL
2591,"bourbon-washington-2"
2592,NULL
2593,NULL
2594,NULL
2596,NULL
2597,NULL
2599,"mcdonalds-washington-4"
2600,NULL
2603,"open-city-washington"
2604,NULL
2605,"tom-tom-washington"
2606,"brueggers-bagels-washington-4"
2610,"angles-bar-and-billiards-washington-2"
2611,NULL
2612,NULL
2613,"bourbon-washington"
2614,NULL
2617,"my-brothers-place-washington"
2621,NULL
2622,NULL
2623,NULL
2624,NULL
2625,NULL
2627,"kavanaghs-pizza-pub-washington-2"
2628,NULL
2629,NULL
2630,NULL
2632,NULL
2634,NULL
2636,"aroma-cafe-washington"
2637,"marcels-washington"
2638,"mcfaddens-restaurant-and-saloon-washington"
2639,NULL
2641,NULL
2642,NULL
2644,"bardias-new-orleans-cafe-washington"
2645,NULL
2646,"rocklands-barbeque-and-grilling-company-washington-2"
2648,NULL
2649,"old-europe-washington"
2651,NULL
2652,"one-fish-two-fish-washington"
2653,NULL
2654,NULL
2657,NULL
2658,NULL
2659,"la-fourchette-washington"
2661,"jyoti-restaurant-washington-2"
2662,"meskerem-ethiopian-restaurant-washington-2"
2663,"pho14-at-adams-morgan-washington"
2664,NULL
2666,NULL
2668,NULL
2669,NULL
2670,NULL
2671,NULL
2673,"julias-empanadas-washington-3"
2674,"the-diner-washington"
2675,"pizza-bolis-washington-7"
2676,"tryst-coffee-house-bar-and-lounge-washington"
2677,"bossa-washington"
2678,NULL
2679,"subway-washington-33"
2680,NULL
2681,NULL
2682,"north-sea-restaurant-washington"
2684,"mcdonalds-washington-15"
2685,NULL
2686,NULL
2688,NULL
2689,NULL
2690,NULL
2691,NULL
2692,"roberts-restaurant-washington"
2693,NULL
2696,"churreria-madrid-washington"
2697,"twist-georgetown-restaurant-and-lounge-washington"
2699,NULL
2700,NULL
2701,"charmthai-restaurant-washington"
2702,"subway-washington-35"
2703,NULL
2704,"marshalls-bar-and-grille-washington"
2708,"chens-watergate-washington"
2710,NULL
2711,NULL
2713,"chipotle-mexican-grill-washington-4"
2714,"eddies-cafe-chinese-cuisine-washington"
2715,"labamba-sub-shop-washington"
2716,NULL
2717,"ristorante-la-perla-washington"
2718,"rajaji-curry-house-washington"
2720,"mr-chens-organic-chinese-cuisine-washington"
2721,"tono-sushi-washington"
2722,NULL
2723,NULL
2724,NULL
2725,"murphys-of-dc-washington"
2727,"medaterra-washington"
2729,"mcdonalds-washington-22"
2731,NULL
2732,"woodley-cafe-washington"
2734,"taste-of-india-washington"
2735,"pasta-italiana-washington"
2736,NULL
2741,NULL
2743,NULL
2744,"lebanese-taverna-washington"
2747,NULL
2751,"petits-plats-washington"
2753,NULL
2755,NULL
2756,NULL
2757,NULL
2758,NULL
2760,NULL
2761,NULL
2762,NULL
2763,"roof-terrace-restaurant-washington-3"
2767,NULL
2770,"seasons-restaurant-washington"
2771,NULL
2772,NULL
2774,NULL
2777,NULL
2778,"don-lobos-mexican-grill-washington-2"
2779,"la-chaumié‘¢e-washington-2"
2780,NULL
2781,NULL
2782,"le-pain-quotidien-washington"
2783,"cafe-tu-o-tu-washington"
2786,"howard-china-washington"
2791,NULL
2795,"the-guards-washington"
2796,NULL
2799,"viet-garden-washington"
2802,NULL
2803,NULL
2805,"zoo-bar-cafe-washington-2"
2806,"harbour-cafe-washington"
2807,"sequoia-washington-2"
2808,NULL
2810,"bangkok-joes-washington"
2811,"la-madeleine-french-bakery-and-cafe-washington"
2812,NULL
2815,NULL
2819,NULL
2821,NULL
2823,NULL
2824,"eastern-empire-restaurant-washington"
2825,"tony-and-joes-seafood-place-washington"
2828,NULL
2829,"cabanas-washington"
2830,"cafe-cantina-washington"
2831,"nicks-riverside-grill-washington-2"
2832,NULL
2833,NULL
2834,NULL
2835,NULL
2837,NULL
2838,"miss-saigon-restaurant-washington"
2840,"mayflower-restaurant-washington"
2842,NULL
2849,"panda-express-washington-2"
2852,NULL
2853,NULL
2855,"haydees-restaurant-washington"
2856,"mr-smiths-of-georgetown-washington"
2859,"the-heights-washington-2"
2860,"bodega-washington"
2861,NULL
2862,"dos-gringos-washington"
2863,NULL
2864,NULL
2865,NULL
2866,NULL
2867,"bistro-francais-washington"
2869,NULL
2873,"johnny-rockets-washington-2"
2876,NULL
2877,"old-glory-washington"
2878,NULL
2882,NULL
2884,"el-pollo-sabroso-washington-2"
2885,"radius-pizza-washington"
2886,NULL
2890,NULL
2895,NULL
2896,"morgans-seafood-washington"
2897,NULL
2899,"chef-geoffs-washington"
2900,"marx-cafe-washington"
2901,"chadwicks-washington"
2903,"angelico-pizzeria-and-cafe-washington-2"
2904,NULL
2905,NULL
2906,"georgetown-dinette-washington"
2907,NULL
2911,NULL
2912,NULL
2914,NULL
2915,NULL
2916,NULL
2919,NULL
2920,NULL
2924,"ritas-west-indian-carryout-washington"
2933,NULL
2941,"el-rinconcito-deportivo-washington"
2943,"cafe-deluxe-washington"
2944,"pollo-campero-washington"
2945,NULL
2947,"clydes-washington"
2949,"district-2-bar-and-grille-washington"
2950,"julias-empanadas-washington-5"
2951,NULL
2952,NULL
2953,"bandolero-washington-2"
2956,NULL
2957,"tackle-box-washington"
2959,NULL
2960,NULL
2961,NULL
2962,"cafe-milano-washington"
2963,NULL
2964,NULL
2965,"peacock-cafe-washington"
2967,"chipotle-mexican-grill-washington"
2969,NULL
2970,"tuscany-cafe-washington"
2971,"booeymonger-restaurant-washington"
2972,"subway-washington-38"
2973,NULL
2974,NULL
2975,"pizzeria-paradiso-washington-2"
2976,NULL
2977,NULL
2978,NULL
2979,"redfire-grill-kabob-washington"
2981,"cactus-cantina-washington"
2983,NULL
2985,NULL
2988,"starbucks-washington-70"
2989,"foxhall-square-cafe-washington"
2991,NULL
2992,"qdoba-mexican-grill-washington-2"
2994,"subway-sandwiches-and-salads-washington-19"
2996,"fresh-med-washington"
2997,NULL
3001,"lavandou-washington"
3005,NULL
3007,"spices-asian-restaurant-and-sushi-bar-washington"
3010,NULL
3011,NULL
3012,"ruby-tuesday-washington-3"
3015,NULL
3017,"california-tortilla-washington-2"
3019,NULL
3020,"glorias-pupuseria-washington"
3021,NULL
3022,"uptown-tap-house-washington"
3024,"byblos-deli-washington"
3025,NULL
3026,"ripple-washington"
3028,"nam-viet-and-pho-79-washington"
3029,NULL
3031,"cleveland-park-bar-and-grill-washington-2"
3036,NULL
3040,NULL
3042,"thai-tanic-ii-washington"
3043,"taqueria-distrito-federal-washington"
3044,NULL
3046,"medium-rare-washington"
3047,"alero-restaurant-washington"
3048,NULL
3050,"california-tortilla-washington-2"
3055,NULL
3056,"indique-washington"
3057,NULL
3059,NULL
3060,NULL
3062,NULL
3063,"siam-house-thai-restaurant-washington"
3064,"subway-washington-9"
3065,NULL
3066,NULL
3069,"palena-washington"
3071,NULL
3072,NULL
3076,NULL
3079,NULL
3080,NULL
3086,NULL
3087,"la-cabana-restaurante-washington"
3091,NULL
3092,"sangria-cafe-washington"
3093,NULL
3098,"carolina-washington"
3099,NULL
3100,NULL
3101,NULL
3102,"leo-j-o-donovan-dining-hall-washington-2"
3103,"sweet-mango-cafe-washington"
3108,NULL
3109,"2-amys-washington"
3110,NULL
3112,NULL
3113,"taco-bell-washington-10"
3114,NULL
3118,"cosi-washington-17"
3119,NULL
3121,NULL
3122,NULL
3124,NULL
3127,"caf?georgetown-washington"
3128,NULL
3129,NULL
3131,NULL
3138,"wendys-washington-9"
3140,NULL
3141,NULL
3145,NULL
3146,NULL
3153,NULL
3156,NULL
3160,"teaism-washington-7"
3165,NULL
3166,NULL
3167,NULL
3168,NULL
3169,NULL
3170,NULL
3174,"johnnys-half-shell-washington"
3175,NULL
3178,NULL
3181,NULL
3183,"cafe-ol?washington-2"
3184,NULL
3185,NULL
3186,NULL
3187,NULL
3188,"oyamel-washington"
3189,"the-caucus-room-washington"
3190,"soho-cafe-and-market-washington"
3191,NULL
3192,NULL
3195,"franklin-grille-washington-2"
3198,"mcdonalds-washington-5"
3201,NULL
3202,NULL
3203,NULL
3205,NULL
3206,NULL
3208,"ruby-tuesday-washington"
3209,NULL
3210,NULL
3211,NULL
3214,"jerrys-subs-and-pizza-washington-4"
3215,NULL
3218,NULL
3219,"indian-ocean-washington"
3220,NULL
3221,NULL
3222,NULL
3224,"el-torogoz-washington"
3225,"armands-chicago-pizzeria-washington-2"
3228,"ollies-trolley-washington"
3232,NULL
3233,"chalins-restaurant-washington"
3234,"epicurean-and-company-washington"
3235,"starbucks-washington-54"
3236,NULL
3237,"potbelly-sandwich-works-washington-5"
3238,NULL
3239,NULL
3240,"chipotle-mexican-grill-washington-3"
3243,"popeyes-washington-5"
3245,"harriets-family-restaurant-washington"
3250,NULL
3253,NULL
3254,NULL
3259,"harrys-restaurant-washington"
3260,"sun-spot-cafe-and-deli-washington"
3262,"tesoro-washington"
3265,NULL
3266,"mcdonalds-washington-31"
3267,NULL
3269,"subway-washington-12"
3270,NULL
3271,NULL
3278,NULL
3279,NULL
3282,"el-don-restaurant-washington"
3283,"subway-washington-36"
3285,NULL
3287,NULL
3288,NULL
3293,NULL
3294,"burger-king-washington-9"
3295,"mayflower-chinese-food-washington"
3296,NULL
3298,"sei-washington"
3299,"cedar-washington"
3301,"neisha-thai-cuisine-washington"
3302,NULL
3303,"subway-washington-22"
3304,"neisha-thai-cuisine-washington"
3306,NULL
3308,NULL
3309,"quiznos-washington-14"
3310,"italian-pizza-kitchen-washington"
3311,"mcdonalds-washington-24"
3318,NULL
3319,"guapos-restaurant-washington"
3322,"angelico-pizzeria-and-cafe-washington"
3324,NULL
3326,"flip-it-bakery-washington"
3327,"crisp-and-juicy-washington"
3333,NULL
3336,NULL
3338,"dancing-crab-washington"
3340,NULL
3341,"murasaki-japanese-restaurant-washington"
3342,"la-libertad-restaurant-washington"
3344,"prince-caf?washington-6"
3345,"prince-caf?washington-6"
3347,NULL
3349,"satay-club-washington"
3351,"osman-and-joes-steak-n-egg-kitchen-washington"
3354,"highlands-washington-3"
3355,"yosaku-japanese-restaurant-washington"
3356,NULL
3357,NULL
3360,"louis-rogue-washington"
3362,NULL
3363,"ras-restaurant-and-lounge-washington"
3369,NULL
3370,"kotobuki-washington"
3371,"makoto-restaurant-washington"
3372,NULL
3374,"figs-lebanese-cafe-washington"
3375,"little-china-cafe-washington"
3377,NULL
3378,NULL
3381,"homemade-pizza-company-washington"
3384,NULL
3385,"chicken-out-rotisserie-washington"
3386,"le-pain-quotidien-washington-3"
3388,"blacksalt-fish-market-and-restaurant-washington"
3390,"palisades-pizzeria-and-clam-bar-washington"
3391,NULL
3396,"le-chat-noir-washington"
3398,NULL
3399,NULL
3400,"tanad-thai-washington"
3402,"spring-garden-washington"
3403,"matisse-washington"
3405,"cafe-phillips-washington-5"
3406,NULL
3407,NULL
3408,"new-course-washington"
3410,"irish-channel-restaurant-and-pub-washington"
3411,NULL
3412,NULL
3414,NULL
3415,"billy-goat-tavern-washington"
3416,"quiznos-washington-8"
3421,NULL
3422,"jacks-famous-deli-washington"
3423,"subway-washington-64"
3424,"burger-king-washington-2"
3425,"li-ho-food-restaurant-and-carryout-washington"
3430,NULL
3431,NULL
3432,NULL
3433,NULL
3434,NULL
3437,"subway-washington-15"
3440,NULL
3442,NULL
3443,NULL
3444,"brueggers-bagels-washington-2"
3445,"zola-wine-and-kitchen-washington-2"
3446,"royal-thai-cuisine-and-bar-washington"
3447,NULL
3448,NULL
3449,"district-chophouse-and-brewery-washington"
3450,"full-kee-restaurant-washington"
3451,NULL
3452,"listranis-ristorante-italiano-washington"
3454,"bambu-washington-2"
3455,"sur-la-place-washington"
3457,NULL
3458,"chens-gourmet-chinese-carryout-washington"
3459,"et-voila-washington"
3460,NULL
3462,NULL
3466,NULL
3468,NULL
3470,"bistro-d-oc-washington"
3472,"starbucks-washington-54"
3475,NULL
3476,"the-dubliner-washington"
3477,"popeyes-washington-4"
3480,"leeloo-lounge-and-restaurant-washington"
3485,NULL
3486,"lincolns-waffle-shop-washington"
3487,NULL
3491,"chadwicks-washington-2"
3492,NULL
3493,NULL
3495,NULL
3496,NULL
3498,NULL
3499,NULL
3500,"booeymonger-restaurant-washington-2"
3503,NULL
3504,NULL
3505,NULL
3507,"magic-gourd-restaurant-washington"
3508,NULL
3510,NULL
3512,NULL
3513,"corner-bakery-cafe-washington-5"
3518,"mcdonalds-washington-35"
3520,NULL
3528,NULL
3529,NULL
3531,"harriets-family-restaurant-washington"
3533,NULL
3534,"maggianos-little-italy-washington"
3535,NULL
3538,NULL
3541,NULL
3542,"the-cheesecake-factory-washington"
3543,"sizzex-sizzling-express-washington"
3546,NULL
3552,NULL
3555,"dc-boathouse-washington"
3556,NULL
3559,NULL
3562,NULL
3563,"twin-dragon-carry-out-washington"
3565,NULL
3566,NULL
3569,"parthenon-restaurant-and-chevy-chase-lounge-washington"
3571,NULL
3573,"american-city-diner-washington"
3574,"arucola-washington"
3575,NULL
3576,NULL
3580,NULL
3581,"qdoba-mexican-grill-washington"
3582,NULL
3583,"potbelly-sandwich-shop-washington-9"
3584,NULL
3585,"mcdonalds-washington-13"
3586,NULL
3588,NULL
3589,NULL
3590,NULL
3591,"mcdonalds-washington-13"
3592,NULL
3593,NULL
3594,NULL
3601,"subway-washington-52"
3605,NULL
3607,"turntable-restaurant-and-disco-washington"
3609,NULL
3611,NULL
3617,"mcdonalds-washington-40"
3618,"m-and-s-grill-washington"
3619,NULL
3620,NULL
3621,NULL
3622,"garden-cafe-washington-2"
3623,NULL
3624,NULL
3625,"cascade-cafe-washington"
3626,NULL
3628,NULL
3629,NULL
3630,NULL
3631,NULL
3632,NULL
3633,NULL
3634,"lawsons-gourmet-washington"
3636,NULL
3637,"chipotle-washington"
3639,NULL
3640,NULL
3641,NULL
3647,"the-greene-turtle-washington"
3653,NULL
3654,NULL
3683,NULL
3693,"au-bon-pain-washington-9"
3694,NULL
3695,"saints-paradise-cafeteria-washington"
3696,"sun-spot-cafe-and-deli-washington"
3697,NULL
3700,"wok-and-roll-washington"
3701,NULL
3702,NULL
3704,"eat-first-restaurant-washington"
3705,NULL
3706,"new-big-wong-chinese-restaurant-washington"
3707,NULL
3708,"jackey-cafe-washington-2"
3710,NULL
3711,"chez-aunty-libe-washington"
3716,"potbelly-sandwich-works-washington-12"
3719,NULL
3720,NULL
3721,"marrakesh-restaurant-washington"
3722,"chopt-creative-salad-company-washington-4"
3724,"chinatown-garden-washington"
3725,"wazobia-washington"
3726,"tony-chengs-mongolian-restaurant-washington"
3727,NULL
3730,"wonder-chicken-washington"
3734,"serengeti-resturaunt-and-lounge-washington"
3736,"peaches-kitchen-washington"
3740,"tai-shan-restaurant-washington"
3741,"tonys-place-washington"
3743,"senbeb-cafe-washington"
3746,NULL
3747,NULL
3748,NULL
3750,"jacks-famous-deli-washington"
3754,NULL
3757,"rasika-washington"
3760,"potbelly-sandwich-works-washington-4"
3761,"penn-quarter-sports-tavern-washington"
3762,NULL
3766,"three-s-restaurant-washington"
3771,NULL
3773,"camilles-sidewalk-cafe-washington"
3774,"phillips-cafe-washington"
3779,"old-ebbitt-grill-washington"
3781,NULL
3782,"takoma-station-tavern-washington"
3785,"cosi-washington-11"
3786,"au-bon-pain-washington-7"
3787,NULL
3788,NULL
3789,NULL
3792,NULL
3793,NULL
3794,NULL
3796,NULL
3798,"bar-louie-washington"
3799,"thai-chili-washington"
3800,"1791-dc-washington"
3801,"zaytinya-washington"
3802,NULL
3805,"701-pennsylvania-avenue-restaurant-and-bar-washington"
3808,"sushi-go-round-and-tapas-washington"
3809,"clydes-washington-3"
3810,NULL
3811,NULL
3813,"subway-washington-24"
3814,NULL
3815,"ruby-tuesday-washington-2"
3816,NULL
3818,NULL
3819,"matchbox-chinatown-washington"
3820,NULL
3825,NULL
3827,"asian-spice-washington"
3828,"firehook-bakery-washington"
3829,"potbelly-sandwich-shop-washington-9"
3830,"new-world-cafe-washington"
3831,"la-tasca-washington"
3832,NULL
3834,NULL
3836,"potbelly-sandwich-shop-washington-11"
3838,"california-tortilla-washington-3"
3839,NULL
3840,NULL
3841,"chopt-creative-salad-company-washington-4"
3842,NULL
3843,"teddys-roti-shop-washington"
3844,"charlies-bar-and-grill-washington"
3850,NULL
3852,"fuddruckers-washington-2"
3853,"market-to-market-washington"
3854,"burma-restaurant-washington"
3855,"cafe-deli-washington"
3856,"kanlaya-thai-cuisine-washington"
3857,"urfa-tomato-kabob-washington"
3859,"taste-of-the-caribbean-ii-washington"
3861,"mcdonalds-restaurants-washington-7"
3862,NULL
3863,"ledo-pizza-washington-5"
3864,"chinatown-express-washington"
3865,"szechuan-house-restaurant-washington"
3866,"mcdonalds-washington-43"
3867,NULL
3868,"ruths-chris-steakhouse-washington"
3869,NULL
3870,"austin-grill-washington"
3871,"quiznos-washington-2"
3872,NULL
3873,NULL
3875,"china-hut-washington"
3876,NULL
3882,"fire-and-sage-washington"
3883,NULL
3884,"proof-restaurant-washington"
3885,"oya-restaurant-and-lounge-washington"
3886,"ps7s-washington"
3888,"zengo-washington"
3889,"tropicana-carryout-washington"
3891,NULL
3893,NULL
3894,"five-guys-burgers-and-fries-washington-5"
3896,"quiznos-washington-13"
3898,"the-lafayette-at-the-hay-adams-washington"
3900,NULL
3901,NULL
3902,NULL
3904,NULL
3905,NULL
3906,NULL
3909,"quiznos-washington-7"
3910,NULL
3911,NULL
3917,NULL
3921,NULL
3922,"teaism-washington-9"
3923,"the-oval-room-washington-2"
3926,"zola-washington"
3934,"au-bon-pain-washington-2"
3935,"subway-washington-49"
3936,NULL
3938,NULL
3940,NULL
3941,NULL
3942,NULL
3946,NULL
3947,NULL
3948,NULL
3950,NULL
3954,NULL
3955,NULL
3957,NULL
3958,NULL
3959,NULL
3960,"ici-urban-bistro-washington"
3962,NULL
3964,"bobby-vans-steakhouse-washington"
3965,NULL
3966,"rfd-washington-washington-2"
3967,NULL
3969,NULL
3971,NULL
3973,"the-bombay-club-washington"
3974,NULL
3975,NULL
3977,"mehak-washington"
3979,"brown-bag-washington"
3980,"equinox-restaurant-washington"
3981,"nandos-peri-peri-washington-2"
3982,"domku-bar-and-cafe-washington-2"
3985,"notti-bianche-washington"
3986,"penn-grill-washington"
3989,"hooters-washington"
3990,"odalis-restaurant-washington"
3993,NULL
3996,NULL
3997,NULL
3998,"cafe-soleil-washington"
4000,"rosa-mexicano-washington"
4003,NULL
4004,NULL
4009,"george-washington-university-hospital-cafeteria-washington"
4012,NULL
4015,"gordon-biersch-brewery-restaurant-washington"
4018,"first-cup-cafe-washington"
4019,"nellies-sports-bar-washington"
4020,NULL
4021,NULL
4022,NULL
4025,"subway-washington-24"
4026,"mccormick-and-schmicks-washington"
4027,NULL
4028,NULL
4029,NULL
4030,NULL
4031,NULL
4032,NULL
4033,"lawsons-grille-washington"
4034,NULL
4035,NULL
4037,"mcdonalds-washington-24"
4038,NULL
4040,NULL
4041,"asia-nine-bar-and-lounge-washington"
4042,NULL
4043,NULL
4045,NULL
4049,NULL
4050,NULL
4051,"the-tavern-at-the-henley-park-washington"
4053,NULL
4054,NULL
4055,"co-co-sala-washington"
4057,NULL
4058,"georgia-browns-restaurant-washington"
4061,NULL
4062,NULL
4064,NULL
4065,NULL
4067,NULL
4069,NULL
4070,"hard-rock-cafe-washington"
4071,NULL
4073,NULL
4076,NULL
4077,NULL
4078,NULL
4079,NULL
4080,"an-uncommon-cafe-washington"
4082,"library-of-congress-madison-cafeteria-washington"
4083,NULL
4084,NULL
4088,"park-cafe-washington"
4089,"chicken-tortilla-washington"
4091,"five-guys-burgers-and-fries-washington-3"
4092,NULL
4093,"levis-port-cafe-washington"
4094,NULL
4097,NULL
4098,NULL
4099,"united-house-of-prayer-for-all-people-washington-4"
4101,NULL
4102,NULL
4104,NULL
4107,NULL
4108,NULL
4109,"younis-pizzeria-washington"
4114,NULL
4117,NULL
4122,"la-lomita-washington"
4125,NULL
4126,NULL
4127,NULL
4128,"five-guys-burgers-and-fries-washington-3"
4129,NULL
4132,NULL
4133,"new-york-pizza-washington-2"
4136,"subway-washington-5"
4137,NULL
4147,NULL
4148,NULL
4151,NULL
4152,NULL
4180,"ihop-washington-5"
4181,NULL
4185,"mcdonalds-washington-19"
4186,NULL
4194,NULL
4199,NULL
4200,"burrito-brothers-washington"
4201,"t-v-a-cafe-recess-washington"
4206,NULL
4207,NULL
4209,NULL
4210,"hunan-dynasty-washington"
4211,"mcdonalds-washington-8"
4216,"sweetgreen-washington-5"
4217,"tunnicliffs-tavern-washington"
4221,NULL
4222,NULL
4231,"market-lunch-washington-2"
4237,NULL
4242,"thai-orchids-kitchen-washington"
4247,NULL
4255,"wahsing-restaurant-washington"
4256,"mcdonalds-restaurants-washington-8"
4264,NULL
4268,NULL
4274,NULL
4279,"subway-washington-57"
4280,"negril-washington-dc"
4281,NULL
4285,NULL
4287,"national-democratic-club-washington"
4288,"sizzling-express-washington-4"
4289,"cosi-washington-10"
4292,"good-stuff-eatery-washington"
4295,NULL
4300,"la-lomita-dos-washington"
4301,"young-chow-washington-2"
4302,"thai-roma-restaurant-washington"
4303,NULL
4305,"the-pour-house-washington"
4307,NULL
4309,NULL
4310,NULL
4316,"wellness-caf?washington-4"
4318,"seventh-hill-washington"
4319,"hawk-n-dove-washington"
4320,"tune-inn-washington"
4334,"secrets-of-natures-health-food-centers-washington"
4348,"capitol-hill-tandoor-and-grill-washington"
4350,NULL
4351,"cafe-8-washington"
4353,"subway-sandwiches-and-salads-washington-17"
4356,"pimento-grill-washington"
4366,"tropicana-eatery-washington-4"
4367,"popeyes-famous-fried-chicken-washington-6"
4373,"banana-cafe-and-piano-bar-washington"
4376,"jimmy-ts-place-washington-2"
4380,"belga-cafe-washington"
4381,NULL
4382,"fusion-grill-washington"
4383,NULL
4384,NULL
4385,"las-placitas-washington"
4386,"matchbox-capitol-hill-washington"
4387,NULL
4388,NULL
4395,"lavagna-washington"
4396,NULL
4402,"sizzling-express-washington-5"
4403,NULL
4405,NULL
4406,"mr-henrys-washington"
4408,"aatish-on-the-hill-washington"
4409,NULL
4410,"la-plaza-restaurant-washington"
4411,NULL
4415,"sanphan-washington"
4416,"lil-pub-washington"
4418,NULL
4419,"quiznos-subs-washington-2"
4421,NULL
4422,NULL
4423,"le-pain-quotidien-washington-2"
4427,NULL
4431,NULL
4433,"capitol-city-subs-washington"
4435,"navy-yard-metro-center-cafe-washington"
4436,NULL
4437,"quiznos-subs-washington-6"
4439,NULL
4441,NULL
4442,NULL
4443,NULL
4445,NULL
4447,NULL
4448,NULL
4449,NULL
4451,NULL
4452,"jennys-asian-fusion-washington"
4469,NULL
4472,NULL
4474,NULL
4475,NULL
4477,NULL
4479,"potbelly-sandwich-shop-washington-14"
4481,NULL
4482,"cityzen-washington-2"
4484,NULL
4485,NULL
4486,NULL
4491,NULL
4492,NULL
4495,NULL
4498,"lucky-kabob-washington"
4500,NULL
4501,NULL
4502,NULL
4504,NULL
4507,NULL
4508,NULL
4509,"wendys-washington-2"
4510,NULL
4511,NULL
4512,NULL
4513,NULL
4514,NULL
4516,NULL
4517,"grand-deli-and-cafe-washington-2"
4519,NULL
4520,NULL
4521,NULL
4522,NULL
4523,NULL
4527,"yums-carryout-washington-3"
4531,"secrets-of-natures-health-food-centers-washington"
4535,"mcdonalds-washington-23"
4536,"quiznos-washington-4"
4537,"wall-street-deli-washington"
4539,NULL
4540,"atrium-cafe-washington"
4551,NULL
4552,NULL
4553,"cafe-59-washington"
4555,"potbelly-sandwich-works-washington-14"
4556,NULL
4557,"the-wishbone-washington"
4561,"ohs-place-restaurant-washington"
4562,NULL
4567,NULL
4574,"everything-yogurt-and-salad-cafe-washington"
4576,"gourmet-too-washington"
4577,NULL
4578,NULL
4582,NULL
4586,NULL
4587,NULL
4591,"subway-washington-23"
4594,NULL
4595,NULL
4596,NULL
4598,NULL
4599,NULL
4600,"cantina-marina-washington"
4601,NULL
4602,NULL
4603,"mcdonalds-washington-23"
4604,"pier-7-restaurant-washington"
4606,NULL
4607,"au-bon-pain-washington-14"
4608,NULL
4610,NULL
4611,NULL
4613,"phillips-flagship-restaurant-and-seafood-grill-washington"
4615,"mcdonalds-washington-42"
4616,NULL
4617,NULL
4620,"biergarten-haus-washington"
4621,"pho14-at-adams-morgan-washington"
4624,NULL
4629,NULL
4647,"the-players-lounge-washington"
4649,NULL
4650,NULL
4654,NULL
4671,NULL
4672,"quiznos-washington-2"
4684,NULL
4690,"carmines-washington"
4692,"sala-thai-washington-3"
4701,"julias-empanadas-washington-5"
4706,"cafe-istanbul-washington"
4708,"twins-jazz-washington"
4715,"sawah-diner-and-hookah-lounge-washington"
4716,NULL
4720,"pret-a-manger-washington-2"
4721,NULL
4722,NULL
4723,NULL
4726,NULL
4741,NULL
4745,"buddha-bar-washington"
4750,NULL
4758,"alero-restaurant-washington-6"
4760,"fast-eddies-billiard-cafe-washington"
4761,"haydees-restaurant-washington"
4762,NULL
4772,"bobby-vans-steakhouse-washington"
4774,NULL
4778,"charmthai-restaurant-washington"
4779,"nirvana-express-washington"
4780,"the-chesapeake-room-washington"
4781,"greek-deli-and-catering-washington"
4784,"the-grill-from-ipanema-washington"
4785,NULL
4787,NULL
4789,NULL
4795,"don-jaime-restaurant-washington"
4797,"quiznos-washington-3"
4799,"billy-martins-tavern-washington"
4800,"avocado-cafe-washington"
4802,"wiseys-washington"
4803,"caf?divan-washington-2"
4805,"zula-restaurant-washington"
4807,"crumbs-and-coffee-washington"
4808,"the-mighty-pint-washington"
4832,"legal-sea-foods-washington-2"
4834,"sals-cafe-washington"
4838,"rays-the-steaks-at-east-river-washington"
4840,NULL
4844,NULL
4867,"subway-washington-52"
4868,"la-plaza-restaurant-washington"
4869,"banana-cafe-and-piano-bar-washington"
4871,NULL
4875,NULL
4877,NULL
4880,"el-tamarindo-washington"
4882,NULL
4883,NULL
4886,"selam-restaurant-washington"
4887,"dc-noodles-washington-6"
4888,NULL
4897,NULL
4899,NULL
4900,NULL
4901,NULL
4902,"murphys-of-dc-washington"
4903,"hot-n-juicy-crawfish-washington"
4904,"mama-ayeshas-washington"
4905,NULL
4906,NULL
4910,NULL
4911,"popeyes-chicken-and-biscuits-washington-3"
4912,"popeyes-chicken-and-biscuits-washington-3"
4919,"montmartre-washington"
4920,"banana-cafe-and-piano-bar-washington"
4921,"labamba-sub-shop-washington"
4922,NULL
4923,"rosemarys-thyme-bistro-washington-2"
4924,"duplex-diner-washington"
4925,"quiznos-sub-washington"
4949,NULL
4950,NULL
4958,"taqueria-distrito-federal-2-washington"
4959,"rasoi-indian-kitchen-washington"
4971,"subway-washington-33"
4976,NULL
4978,"u-street-cafe-washington"
4980,"thai-tanic-ii-washington"
4985,"howard-china-washington"
4987,NULL
4988,"market-lunch-washington-2"
4989,NULL
4995,"pollo-granjero-washington"
5000,NULL
5002,"morgans-seafood-washington"
5008,NULL
5012,NULL
5017,NULL
5020,"mcdonalds-washington-21"
5022,NULL
5024,"jjs-cheesesteaks-washington"
5028,"coffee-nature-washington"
5029,NULL
5030,"kendejah-washington"
5031,"chatmans-d-vine-bakery-and-cafe-washington"
5034,NULL
5035,"sala-thai-washington-2"
5036,"kushi-washington-2"
5042,"casa-blanca-restaurant-washington"
5043,NULL
5045,"tortilla-cafe-washington"
5046,NULL
5053,"market-lunch-washington-2"
5054,NULL
5056,"cava-mezze-dc-washington-2"
5058,"la-villa-washington"
5060,"hunan-palace-washington"
5061,"chopt-creative-salad-company-washington-2"
5062,"the-bottom-line-washington"
5065,"teds-bulletin-washington"
5067,"teds-bulletin-washington"
5068,"popeyes-washington"
5070,NULL
5072,NULL
5073,"kababji-grill-washington-2"
5080,NULL
5085,NULL
5090,NULL
5091,NULL
5097,"au-bon-pain-washington-7"
5098,"the-pink-snapper-washington"
5099,"meskerem-ethiopian-restaurant-washington-2"
5102,"turntable-restaurant-and-disco-washington"
5103,"five-guys-washington-2"
5106,"dominos-pizza-washington-2"
5108,NULL
5111,NULL
5112,NULL
5114,"1905-bistro-washington"
5116,NULL
5121,NULL
5124,NULL
5125,NULL
5126,"meridian-pint-washington"
5128,NULL
5129,NULL
5130,"an-uncommon-cafe-washington"
5131,NULL
5132,NULL
5133,"rome-pizza-and-sub-washington"
5134,NULL
5135,"cafe-deluxe-washington"
5136,"angelico-la-pizzeria-washington-2"
5137,"acacia-bistro-and-wine-bar-washington-2"
5140,"ma-mas-southern-cuisine-washington"
5146,NULL
5147,"queens-cafe-and-hookah-washington"
5149,NULL
5150,"burger-king-washington-11"
5154,NULL
5158,NULL
5163,"popeyes-chicken-and-biscuits-washington-3"
5166,"house-of-philly-washington"
5167,"prince-cafe-washington-4"
5169,"cafe-paradiso-washington"
5170,"bucks-fishing-and-camping-washington"
5171,NULL
5172,"lolas-barracks-bar-and-grill-washington"
5180,"flavors-of-jaguya-washington"
5181,"pollomio-chicken-washington"
5182,"pica-taco-washington"
5183,"pica-taco-washington"
5186,NULL
5188,"star-and-shamrock-washington"
5192,NULL
5193,"roti-mediterranean-grill-washington"
5194,NULL
5195,NULL
5199,"mez?washington-2"
5200,NULL
5203,"teak-wood-washington"
5204,"flippin-pizza-washington-2"
5205,NULL
5206,"capitol-lounge-washington"
5207,NULL
5208,"millie-and-als-washington"
5210,NULL
5211,"the-black-squirrel-washington"
5215,"dukem-ethiopian-restaurant-washington"
5216,NULL
5217,"cafe-phillips-washington-3"
5223,"chopt-creative-salad-company-washington-8"
5226,"potbelly-sandwich-shop-washington"
5228,"bohemian-caverns-washington"
5229,NULL
5232,NULL
5233,NULL
5234,NULL
5237,NULL
5238,NULL
5241,"mie-n-yu-washington"
5242,NULL
5243,"red-toque-caf?washington-2"
5245,"bens-next-door-washington"
5247,"howard-theatre-washington"
5248,"zeke-sport-cafe-washington"
5249,"amorini-panini-washington"
5252,NULL
5253,NULL
5254,"paul-bakery-and-caf?washington-2"
5255,NULL
5256,NULL
5257,"pret-a-manger-washington-3"
5258,"the-capital-grille-washington-2"
5259,"upper-crust-pizzeria-washington-2"
5260,"brown-bag-washington"
5261,"pizza-autentica-washington-5"
5263,NULL
5265,NULL
5266,"food-corner-kabob-house-washington"
5267,"mr-henrys-washington"
5268,"naan-and-beyond-washington"
5273,NULL
5274,"spice-express-washington-2"
5277,NULL
5279,NULL
5282,NULL
5283,"quiznos-subs-washington-2"
5286,NULL
5289,"tropicana-eatery-washington-3"
5291,NULL
5292,"roti-mediterranean-grill-washington-3"
5297,"ping-pong-dim-sum-washington-6"
5298,NULL
5299,"chipotle-washington-8"
5300,"acqua-al-2-washington"
5302,NULL
5303,"muncheez-mania-washington"
5304,"grill-kabob-washington-2"
5306,NULL
5308,NULL
5309,NULL
5310,NULL
5311,NULL
5312,"p-j-clarkes-washington"
5314,"silvestre-cafe-washington"
5324,NULL
5325,"zpizza-washington"
5326,NULL
5327,NULL
5328,NULL
5329,"cafe-manna-washington"
5330,"beau-thai-washington-2"
5332,"new-dynasty-washington"
5333,NULL
5335,NULL
5337,"the-royal-diners-washington"
5340,NULL
5342,"redline-washington"
5343,"atrium-cafe-washington-3"
5345,"tandoori-time-washington"
5347,"sign-of-the-whale-washington-2"
5350,"terasol-washington"
5351,NULL
5352,NULL
5354,"dc-3-washington-2"
5356,NULL
5357,"bar-cé°€e-washington-2"
5358,"wok-and-roll-asian-bistro-washington"
5359,"ihop-washington-3"
5361,NULL
5370,"potbelly-sandwich-works-washington-16"
5371,NULL
5372,"west-wing-cafe-washington-3"
5373,NULL
5374,NULL
5382,NULL
5383,NULL
5385,NULL
5386,"cities-restaurant-and-lounge-washington-2"
5387,NULL
5388,"merzi-washington"
5391,"saigon-bistro-washington-2"
5392,"pho-dc-washington-2"
5393,"tortilla-coast-washington"
5398,"bistrot-du-coin-washington"
5399,NULL
5405,"point-chaud-caf?and-cré˜·es-washington-4"
5406,NULL
5408,"american-ice-company-washington"
5409,NULL
5420,NULL
5421,"piccante-pizza-washington"
5422,"mcdonalds-washington-45"
5424,NULL
5429,"chopt-creative-salad-company-washington-2"
5433,"post-pub-washington"
5437,NULL
5438,NULL
5439,"smith-commons-washington"
5442,"laughing-man-tavern-washington"
5444,"spice-express-washington-2"
5445,"taylor-gourmet-washington-2"
5447,"talay-thai-washington"
5449,"jumbo-pizza-washington-2"
5454,"molly-malones-washington"
5455,"lolas-barracks-bar-and-grill-washington"
5456,NULL
5461,NULL
5463,NULL
5464,NULL
5468,"mcdonalds-washington-24"
5470,"z-burger-washington-2"
5471,"subway-washington-55"
5472,NULL
5473,NULL
5475,"cafe-phillips-washington-5"
5481,NULL
5482,"rustik-tavern-washington"
5483,"mandu-washington-2"
5485,"uniontown-bar-and-grill-washington"
5487,"rumba-caf?washington-2"
5489,NULL
5492,"the-cajun-experience-washington"
5493,NULL
5495,NULL
5496,"loebs-ny-deli-washington"
5497,"paila-chilean-grill-and-caf?washington-3"
5498,"chipotle-washington-4"
5505,"lavagna-washington"
5506,NULL
5507,"jakes-american-grille-washington"
5508,"floriana-washington"
5509,NULL
5511,"constitution-cafe-washington"
5512,"bojangles-washington-2"
5513,"standard-washington"
5515,"au-bon-pain-washington-20"
5516,NULL
5518,NULL
5519,NULL
5520,NULL
5521,NULL
5522,"potbelly-sandwich-works-washington-21"
5524,NULL
5529,NULL
5530,"the-codmother-washington"
5533,NULL
5534,NULL
5535,"birch-and-barley-washington"
5538,"potbelly-washington-2"
5539,"roadside-cafe-washington"
5541,NULL
5547,"dupont-pizza-washington-2"
5548,"hill-country-washington"
5549,"khans-bar-and-grill-washington-2"
5557,NULL
5558,"pound-the-hill-washington"
5563,NULL
5564,NULL
5565,"701-pennsylvania-avenue-restaurant-and-bar-washington"
5566,NULL
5567,NULL
5568,NULL
5569,NULL
5576,"medium-rare-washington"
5578,"ezme-restaurant-and-wine-bar-washington"
5580,"sawah-diner-and-hookah-lounge-washington"
5585,"negril-eatery-washington"
5586,"serendipity-3-washington"
5604,"via-19-washington"
5607,"ruby-tuesday-washington"
5608,NULL
5610,NULL
5611,"pizzolis-pizzeria-washington"
5612,"pho-14-washington"
5614,"lincoln-washington"
5616,"eat-and-joy-washington"
5617,NULL
5618,"the-queen-vic-washington"
5624,"jamaican-joes-famous-jerk-chicken-washington-2"
5625,"we-the-pizza-washington-2"
5626,NULL
5627,"senarts-oyster-bar-and-chop-house-washington"
5638,NULL
5642,NULL
5646,"public-bar-tenley-washington"
5648,NULL
5650,"potbelly-sandwich-works-washington-26"
5652,NULL
5655,NULL
5656,NULL
5657,"fiola-da-fabio-trabocchi-washington"
5663,NULL
5664,"bistro-bistro-washington-2"
5665,"potenza-bakery-washington"
5666,NULL
5667,"j-pauls-washington"
5669,"blue-44-restaurant-and-bar-washington"
5672,NULL
5674,"lil-gt-cafe-washington"
5675,NULL
5681,"subway-sandwich-shop-washington-7"
5685,NULL
5692,NULL
5696,"devon-and-blakely-washington-5"
5699,"la-morenita-washington"
5704,"zoup-washington"
5707,NULL
5708,NULL
5710,"shake-shack-washington"
5712,NULL
5719,NULL
5722,"tonic-at-quigleys-bar-and-restaurant-washington-2"
5726,"fast-gourmet-washington"
5731,NULL
5733,"marvelous-pizza-washington"
5734,"the-getaway-washington"
5735,NULL
5736,"sax-washington"
5739,NULL
5741,NULL
5744,NULL
5747,NULL
5748,NULL
5749,NULL
5750,NULL
5757,NULL
5761,"qdoba-washington-3"
5776,NULL
5782,"fiesta-washington-2"
5784,"masa-14-washington"
5785,"potbelly-sandwich-works-washington-4"
5786,NULL
5787,NULL
5788,NULL
5790,"dino-restaurant-washington"
5795,NULL
5796,NULL
5797,"sankofa-bookstore-and-cafe-washington"
5798,NULL
5801,"le-pain-quotidien-washington-5"
5803,NULL
5807,"sacrificial-lamb-kabobs-and-wraps-washington"
5809,"901-restaurant-and-bar-washington"
5816,"shanghai-lounge-washington"
5819,NULL
5823,"lukes-lobster-washington"
5825,"cafe-grande-washington"
5827,"tackle-box-washington-2"
5828,"surfside-truck-washington"
5829,NULL
5831,"italian-pizza-kitchen-washington-2"
5837,NULL
5844,"potbelly-sandwich-works-washington-8"
5845,"agora-restaurant-washington"
5846,NULL
5848,"pizza-authentica-washington-2"
5852,"acre-121-washington"
5853,"himalayan-heritage-washington-2"
5854,"panera-bread-washington-4"
5855,"station-4-washington-3"
5860,"johnnys-deli-washington"
5861,"lost-society-washington"
5877,"heritage-india-washington"
5879,"cafe-phillips-washington-9"
5883,"graffiato-washington"
5885,"pizzaiole-washington"
5888,NULL
5889,"harmony-caf?washington-2"
5891,NULL
5892,"circa-at-foggy-bottom-washington-2"
5894,NULL
5895,"thunder-grill-washington"
5906,"frankies-washington"
5908,NULL
5909,"city2cafe-washington"
5910,"sweetgreen-washington-6"
5911,"tono-sushi-washington"
5913,NULL
5915,NULL
5916,"mai-thai-washington-3"
5917,"the-big-board-washington"
5918,NULL
5919,NULL
5921,"constitution-cafe-washington-3"
5922,"au-bon-pain-washington"
5923,"stars-and-stripes-cafe-washington"
5926,"king-of-kabob-washington"
5928,NULL
5931,"blackfinn-washington"
5932,"soupergirl-washington"
5933,"america-eats-tavern-washington"
5935,NULL
5936,"circa-at-foggy-bottom-washington-2"
5943,"umi-japanese-cuisine-washington-2"
5944,"potbelly-sandwich-works-washington-8"
5946,NULL
5949,"chicken-out-rotisserie-washington"
5950,"republic-gardens-restaurant-washington"
5951,"rogue-24-washington"
5956,"shaws-tavern-washington"
5957,NULL
5958,NULL
5959,"truorleans-restaurant-and-gallery-washington"
5963,"sundevich-washington"
5964,"oh-fish-washington"
5969,NULL
5972,"best-sandwich-place-washington-2"
5973,NULL
5976,NULL
5978,"roti-mediterranean-grill-washington-5"
5992,"sticky-rice-washington"
5993,NULL
5995,NULL
6000,"pizza-authentica-washington"
6001,NULL
6010,NULL
6014,"pearl-dive-oyster-palace-washington"
6015,"bobbys-burger-palace-washington-2"
6016,"justins-cafe-washington-2"
6017,"ping-pong-dim-sum-washington-5"
6018,NULL
6019,"cafe-of-india-washington"
6025,"shawafel-washington"
6026,NULL
6027,NULL
6050,"pizza-d-oro-washington"
6063,NULL
6067,NULL
6068,NULL
6069,"district-of-pi-washington"
6072,NULL
6082,"fiesta-washington-2"
6086,NULL
6087,"five-guys-burgers-and-fries-washington-5"
6088,"subway-washington-18"
6096,"subway-washington-37"
6098,"corner-bakery-cafe-washington-8"
6100,NULL
6102,"pho-dc-washington-2"
6105,"zentan-washington"
6106,"marvin-washington"
6107,"elephant-and-castle-washington-3"
6108,"district-commons-washington-3"
6110,"boundary-stone-public-house-washington"
6113,"arthur-treachers-fish-and-chips-washington"
6114,"dc-thai-washington"
6115,NULL
6117,"jannat-kabob-and-pizza-washington"
6121,NULL
6122,"panera-bread-washington-3"
6123,"starbucks-washington-57"
6124,"chopt-creative-salad-company-washington-9"
6129,NULL
6132,"absolute-thai-washington"
6133,NULL
6135,"azis-cafe-washington"
6136,NULL
6137,"daily-grill-washington-3"
6151,NULL
6162,NULL
6171,"bacio-pizzeria-washington"
6173,NULL
6174,"pho-14-washington"
6177,NULL
6186,NULL
6195,"subway-sandwich-shop-washington-7"
6200,"pho-bar-and-grill-washington"
6202,"mellow-mushroom-washington"
6206,NULL
6207,"tsunami-sushi-and-lounge-washington"
6212,NULL
6214,"marrakesh-p-street-washington"
6215,"komi-washington"
6218,NULL
6220,"americas-best-wings-washington"
6222,NULL
6224,"uptown-tap-house-washington"
6225,"roti-mediterranean-grill-washington-8"
6226,"unum-washington"
6227,NULL
6228,NULL
6229,NULL
6230,"roxanne-washington"
6231,NULL
6232,NULL
6233,NULL
6236,NULL
6241,NULL
6249,NULL
6251,"j-pauls-washington"
6263,"jimmy-johns-washington"
6266,"tortino-washington"
6275,"grill-kabob-washington-2"
6276,NULL
6277,"meatballs-washington"
6280,"le-pain-quotidien-washington-7"
6285,"bistro-med-washington-2"
6302,"sushi-para-washington"
6303,NULL
6307,NULL
6308,"eddies-carryout-washington"
6310,"mcnastys-washington-2"
6312,NULL
6314,NULL
6315,"capitol-hill-tandoor-and-grill-washington"
6318,"dennys-washington-2"
6320,NULL
6334,"tortilla-coast-washington-2"
6336,"mama-chuy-dc-washington"
6337,"jimmy-johns-washington-2"
6338,NULL
6339,NULL
6343,NULL
6346,NULL
6348,"tops-washington-2"
6349,NULL
6361,"panera-bread-washington-2"
6369,"the-hamilton-washington"
6374,"noodles-and-company-washington"
6375,NULL
6378,NULL
6379,"le-bon-cafe-washington"
6380,NULL
6387,"district-kitchen-washington"
6388,NULL
6389,"taylor-gourmet-washington-4"
6390,"burger-tap-and-shake-washington"
6392,"clara-barton-cafe-washington"
6393,"subway-cafe-washington"
6395,"boqueria-washington"
6396,NULL
6402,NULL
6403,"irish-whiskey-public-house-washington"
6406,NULL
6408,"zuppa-fresca-washington"
6412,"southern-hospitality-washington"
6414,NULL
6416,"loebs-ny-deli-washington"
6417,NULL
6424,"cafe-carvy-washington"
6431,"fuel-pizza-washington"
6433,"henrys-soul-cafe-washington-2"
6434,"quiznos-washington-4"
6438,"pret-a-manger-washington-6"
6439,"town-hall-washington-2"
6444,NULL
6447,"rosa-mexicano-washington-4"
6450,"souk-restaurant-washington"
6452,"mintwood-place-washington"
6462,NULL
6464,"black-and-orange-washington-2"
6471,NULL
6474,NULL
6476,"a-deli-washington"
6477,"pizzarro-washington"
6478,"salt-and-pepper-grill-washington"
6482,NULL
6483,"instant-noodles-washington"
6484,NULL
6485,"freshii-washington-2"
6488,"wasabi-to-go-washington"
6490,NULL
6491,"boundary-road-washington"
6493,"z-burger-washington-5"
6497,NULL
6499,NULL
6500,"coffy-cafe-washington"
6505,NULL
6507,NULL
6508,"marx-cafe-washington"
6509,"marx-cafe-washington"
6511,"moroni-and-brothers-pizza-restaurant-washington"
6512,NULL
6514,"rahama-african-restaurant-washington"
6516,"jaleo-washington"
6518,NULL
6522,"room-11-washington"
6527,NULL
6528,"mgm-roast-beef-washington"
6531,NULL
6535,NULL
6539,NULL
6540,"againn-washington-2"
6545,NULL
6564,NULL
6566,"al-dente-washington"
6567,"potbelly-sandwich-shop-washington-5"
6568,NULL
6569,"frankies-washington"
6572,"dc-reynolds-washington"
6573,NULL
6575,"juice-joint-caf?washington-2"
6576,"potbelly-sandwich-works-washington-6"
6577,"g-street-food-washington-2"
6579,"rasika-west-end-washington"
6581,NULL
6582,"subway-washington-60"
6585,"the-crave-washington"
6586,NULL
6588,NULL
6589,"kokeb-ethiopian-restaurant-washington"
6590,"senbeb-cafe-washington"
6591,NULL
6592,NULL
6593,"lil-gt-cafe-washington"
6603,"chez-billy-washington"
6604,"tanad-thai-washington"
6605,"orange-spoon-washington"
6606,"patty-boom-boom-washington"
6613,"kangaroo-boxing-club-washington"
6620,"sakuramen-washington"
6621,NULL
6623,NULL
6641,"876-cafe-washington"
6643,NULL
6644,"chercher-ethiopian-restaurant-and-mart-washington"
6646,"3-pizanos-washington"
6662,"the-pinch-washington"
6664,"west-wing-cafe-washington-2"
6666,"umi-japanese-cuisine-washington-2"
6669,NULL
6670,"menomale-pizza-napoletana-washington"
6671,NULL
6673,"sala-thai-washington-4"
6676,"mcdonalds-washington-21"
6678,"mcdonalds-washington-40"
6679,"california-tortilla-washington-2"
6682,NULL
6683,"shemalis-washington"
6686,"telveh-cafe-and-wine-bar-washington"
6688,NULL
6692,NULL
6693,NULL
6694,"district-taco-washington"
6695,"horace-and-dickies-washington"
6707,"the-pig-washington-2"
6708,NULL
6709,NULL
6714,"paul-bakery-and-cafe-washington-3"
6718,"1905-bistro-washington"
6721,"chalins-restaurant-washington"
6723,NULL
6724,"sweetgreen-washington-7"
6726,"grand-deli-and-cafe-washington-2"
6727,"pulpo-washington"
6732,"chipotle-mexican-grill-washington-9"
6736,"prince-caf?washington-6"
6741,"pho-viet-washington"
6742,"smoke-and-barrel-washington"
6746,NULL
6747,"room-11-washington"
6749,"pacifico-cantina-washington"
6750,NULL
6756,NULL
6761,"izakaya-seki-washington"
6763,NULL
6764,NULL
6765,"one-fish-two-fish-washington"
6770,"the-atlas-room-washington"
6772,NULL
6773,NULL
6774,NULL
6775,"cusbah-washington"
6779,"bullfeathers-washington"
6782,NULL
6785,"axum-ethiopian-restaurant-washington"
6788,"el-chucho-washington"
6789,"ruths-chris-steak-house-washington"
6792,"del-friscos-grille-washington-3"
6798,NULL
6800,NULL
6803,NULL
6805,"cava-mezze-grill-washington"
6809,"axum-ethiopian-restaurant-washington"
6814,"uptown-tap-house-washington"
6818,"mayfair-and-pine-washington"
6819,"back-alley-waffles-washington"
6821,NULL
6822,NULL
6845,NULL
6847,"h-and-pizza-washington"
6853,"twist-georgetown-restaurant-and-lounge-washington"
6854,"lillies-washington"
6855,"oxford-cafe-washington"
6860,"slate-wine-bar-bistro-washington"
6861,NULL
6862,"tonys-place-washington"
6864,NULL
6865,"yo-sushi-washington"
6866,"hanks-oyster-bar-washington-2"
6869,"howard-china-washington"
6870,NULL
6871,"ardeo-washington"
6872,"dino-restaurant-washington"
6873,"perrys-restaurant-washington"
6875,NULL
6876,NULL
6877,NULL
6878,NULL
6882,NULL
6883,NULL
6885,"corner-bakery-cafe-washington"
6886,NULL
6888,"georges-king-of-falafel-and-cheesesteak-washington"
6890,NULL
6891,NULL
6893,NULL
6894,"highlands-washington-3"
6895,NULL
6897,NULL
6898,NULL
6899,NULL
6902,NULL
6905,"ambassador-restaurant-and-bar-washington"
6908,"moroni-and-brothers-pizza-restaurant-washington"
6909,NULL
6910,NULL
6913,"rome-pizza-and-sub-washington"
6914,"thai-x-ing-washington"
6917,"le-grenier-washington"
6923,NULL
6925,NULL
6927,"new-orleans-poboy-shop-washington"
6929,NULL
6930,NULL
6931,"z-burger-washington-6"
6932,"puro-mediterranean-tapas-washington"
6933,NULL
6938,NULL
6939,NULL
6940,NULL
6941,NULL
6943,"sweetgreen-washington-9"
6944,"standard-washington"
6945,"chipotle-washington-9"
6946,"redrocks-firebrick-pizzeria-washington"
6947,"tony-and-joes-seafood-place-washington"
6948,"la-kazbah-washington"
6951,"nicks-riverside-grill-washington-2"
6953,"bgr-the-burger-joint-washington"
6954,"west-wing-cafe-washington-4"
6955,"lime-fresh-mexican-grill-washington"
6958,"five-guys-washington-2"
6959,"dc-scoop-cafe-washington"
6960,"kitty-o-sheas-dc-washington"
6961,"hitching-post-washington"
6962,NULL
6963,"portico-restaurant-washington"
6964,NULL
6967,NULL
6972,NULL
6973,"flippin-pizza-washington-2"
6975,"julias-empanadas-washington-5"
6981,"new-york-pizza-washington-3"
6982,NULL
6983,NULL
6984,NULL
6985,"aroi-fine-thai-and-japanese-cuisine-washington"
6986,NULL
6992,NULL
6994,NULL
6996,NULL
6997,"ching-ching-cha-washington"
6998,NULL
7001,"prego-again-washington"
7004,NULL
7005,NULL
7006,NULL
7007,NULL
7008,"paragon-thai-washington"
7010,"paolos-ristorante-washington"
7011,NULL
7012,"the-caucus-room-brasserie-washington"
7014,"chicken-and-rice-washington"
7015,NULL
7023,NULL
7032,"rappahannock-oyster-bar-washington"
7037,"acacia-gourmet-washington"
7040,"cafe-phillips-washington-3"
7042,"sprig-and-sprout-washington"
7045,"pleasant-pops-farmhouse-market-and-cafe-washington"
7047,"azis-cafe-washington"
7049,"trattoria-nicolas-washington"
7050,"lima-restaurant-and-lounge-washington"
7059,"cafe-paradiso-washington"
7063,"cafe-japone-washington"
7069,"pret-a-manger-washington-2"
7072,NULL
7073,"dancing-crab-washington"
7076,"drafting-table-washington"
7078,"the-coupe-washington"
7079,"board-room-washington"
7083,NULL
7084,"americas-best-wings-washington-2"
7085,"mio-restaurant-washington"
7086,NULL
7088,"cava-mezze-grill-washington-2"
7089,NULL
7090,"maddys-taproom-washington"
7094,NULL
7097,NULL
7100,"dé°Šer-bistro-washington"
7101,"cafe-arte-washington"
7107,"wiseguy-ny-pizza-washington"
7113,"pho14-at-adams-morgan-washington"
7115,"farmers-and-fishers-washington"
7120,NULL
7121,"cause-the-philanthropub-washington"
7123,NULL
7130,NULL
7133,"camilles-sidewalk-cafe-washington"
7135,NULL
7137,NULL
7139,"california-tortilla-washington-8"
7144,NULL
7145,NULL
7148,"radius-pizza-washington"
7152,"kruba-thai-and-sushi-washington"
7155,"little-rickys-washington"
7157,NULL
7159,"freshii-washington-3"
7160,"asian-american-restaurant-washington"
7166,"the-park-at-fourteenth-washington"
7168,"mad-momos-beer-garden-washington"
7170,"white-apron-specialty-sandwiches-washington"
7177,"california-tortilla-washington-3"
7179,"st-arnolds-on-jefferson-washington"
7185,"la-tomate-washington"
7186,"mason-inn-washington"
7187,"energy-kitchen-washington"
7188,NULL
7190,NULL
7192,"woodward-table-washington"
7194,"minibar-washington"
7196,"elephant-and-castle-washington-3"
7197,NULL
7198,NULL
7207,"paul-bakery-and-cafe-washington-3"
7214,NULL
7216,NULL
7217,NULL
7219,"dgs-delicatessen-washington"
7220,"levantes-washington"
7227,"matchbox-14th-street-washington"
7236,"annies-paramount-steak-house-washington"
45239,NULL
47238,NULL
93243,NULL
93276,"fuddruckers-washington-2"
93286,NULL
93287,"dancing-crab-washington"
93288,"tackle-box-washington"
93291,NULL
93300,"rappahannock-oyster-bar-washington"
99239,"potbelly-sandwich-shop-washington-5"
101239,NULL
101240,"starbucks-washington-57"
101241,"sixth-engine-washington"
113238,"mings-restaurant-washington"
113239,NULL
137240,"chopsticks-washington"
137241,"viet-garden-washington"
137242,"el-sauce-washington"
137243,NULL
137244,NULL
137245,"marrakesh-restaurant-washington"
137254,NULL
137255,"el-pollo-sabroso-washington-2"
137256,"don-jaime-restaurant-washington"
137257,NULL
137258,"little-ethiopia-restaurant-washington"
137259,"lil-gt-cafe-washington"
137262,NULL
137263,NULL
137264,"piccante-pizza-washington"
137268,"birch-and-barley-washington"
137269,"u-street-cafe-washington"
137270,"avocado-cafe-washington"
137271,"islander-carribean-restaurant-and-lounge-washington-2"
137272,NULL
137273,"capitol-lounge-washington"
137274,"el-rinconcito-ii-washington"
137277,"el-don-restaurant-washington"
137281,NULL
137282,NULL
137284,"mama-ayeshas-washington"
137286,NULL
137288,"subway-washington-9"
137289,NULL
137291,"buca-di-beppo-washington"
137292,NULL
137293,NULL
137294,"nam-viet-and-pho-79-washington"
137295,NULL
137296,"agora-restaurant-washington"
137297,"lebanese-taverna-washington"
137299,NULL
137300,"cafe-ol?washington-2"
137301,"thai-tanic-restaurant-washington"
137302,NULL
137304,"hanks-oyster-bar-washington"
137306,"sacrificial-lamb-kabobs-and-wraps-washington"
137307,"alero-restaurant-washington-4"
137308,"mcdonalds-washington-21"
137309,"subway-washington-16"
147238,"boloco-washington-2"
147239,NULL
147241,NULL
147242,"firehook-bakery-washington"
147243,NULL
147245,"taylor-charles-steak-and-ice-washington"
147247,"range-by-bryan-voltaggio-washington"
147249,NULL
147251,NULL
147252,"au-bon-pain-washington-9"
147253,NULL
147254,"mari-vanna-washington"
147258,"five-guys-burgers-and-fries-washington-8"
147260,NULL
147262,NULL
147264,NULL
147266,NULL
147269,"the-chicken-place-express-washington"
147275,NULL
147277,"buffalo-and-bergen-washington"
147279,"best-sandwich-place-washington-2"
147283,NULL
147298,"the-silver-spork-washington"
147299,"flavors-of-india-washington-3"
147301,NULL
147302,NULL
147309,NULL
147310,"panera-bread-washington-7"
147312,"taan-washington"
147313,"hikari-sushi-and-sake-bar-washington"
147318,"jetties-downtown-washington"
147319,"edgar-bar-and-kitchen-washington"
147320,NULL
147324,"marvelous-pizza-washington"
147329,"brown-bag-washington"
147332,NULL
147336,"locolat-caf?washington-2"
147337,NULL
147339,"hawk-n-dove-washington"
147340,NULL
147343,"absolute-noodle-washington"
147345,"il-canale-washington-2"
147346,"ambar-washington"
147351,NULL
147356,"sweetgreen-washington-12"
147357,NULL
147359,NULL
147364,NULL
147367,"tash-washington"
147368,"carving-room-washington"
147369,NULL
147371,"tash-washington"
147374,"chix-washington-2"
147376,"pollo-campero-washington"
147377,"paragon-thai-washington"
147378,"panda-gourmet-washington"
147383,NULL
147384,NULL
147389,NULL
147390,NULL
147391,"fado-irish-pub-and-restuarant-washington"
147392,NULL
147393,"good-stuff-eatery-washington-2"
147397,"cafe-phillips-washington"
147403,"table-washington"
147404,"caf?berlin-washington-2"
147406,NULL
147407,"ancora-washington"
147408,"malmaison-washington"
147409,"kfc-washington-6"
147410,NULL
147411,NULL
147415,NULL
147417,"daikaya-washington"
147418,"noodles-and-company-washington-4"
147422,NULL
147424,"beucherts-saloon-washington"
147430,NULL
147431,"henrys-soul-cafe-washington"
147436,"the-source-washington"
147442,NULL
147445,NULL
147449,NULL
147451,"mothership-washington"
147452,"beau-thai-mount-pleasant-washington"
147456,NULL
147465,NULL
147469,"masai-mara-washington"
147477,NULL
147478,NULL
147481,"the-brookland-cafe-washington-2"
147482,NULL
147494,NULL
147496,NULL
147497,NULL
147498,NULL
147499,"taylor-gourmet-washington-6"
147501,NULL
147504,NULL
147509,NULL
147510,NULL
147513,NULL
147514,"bangkok-thai-dining-washington"
147517,NULL
147520,NULL
147528,"vapiano-washington-3"
147532,"west-wing-cafe-washington-6"
147534,NULL
147536,NULL
147542,NULL
147543,NULL
147549,NULL
147557,"new-york-pizza-washington-4"
147559,NULL
147565,NULL
147567,NULL
147572,"masala-art-washington"
147574,NULL
147575,NULL
147576,NULL
147577,NULL
147578,"zest-bistro-washington"
147580,"corner-bakery-cafe-washington-3"
147582,NULL
147590,NULL
147591,NULL
147592,NULL
147593,NULL
147594,NULL
147595,NULL
147596,NULL
147597,"salt-and-pepper-washington"
147598,NULL
147599,"froggy-bottom-pub-washington"
147602,"subway-washington-60"
147603,"subway-washington-15"
147607,NULL
147608,NULL
147609,NULL
147612,NULL
147615,NULL
147616,NULL
147617,"shawarma-spot-washington"
147618,NULL
147620,NULL
147625,NULL
147630,"taqueria-nacional-washington-2"
147634,NULL
147635,NULL
147637,NULL
147639,NULL
147643,NULL
147644,NULL
147647,NULL
147648,NULL
147651,NULL
147652,NULL
147653,NULL
147656,"ris-washington"
147658,NULL
147659,NULL
147660,NULL
147663,NULL
147665,NULL
147666,"subway-washington-38"
147671,NULL
147672,NULL
147673,NULL
147675,NULL
147678,NULL
147679,NULL
147683,NULL
147687,NULL
147690,NULL
147691,"cafe-luna-washington"
147694,NULL
147697,NULL
147699,NULL
147700,NULL
147702,NULL
147704,NULL
147705,NULL
147706,NULL
147707,NULL
147711,NULL
147712,"lace-washington"
147713,"bé–rnaise-washington-2"
147719,NULL
147724,"j-and-g-steakhouse-washington"
147732,"m-cafe-bar-washington"
147738,NULL
147739,NULL
147741,NULL
147748,NULL
147751,NULL
147754,NULL
147755,"eur-asian-washington"
147760,NULL
147765,NULL
147768,NULL
147770,NULL
147772,"ghana-cafe-washington"
147773,NULL
147775,NULL
147777,NULL
147778,NULL
147779,NULL
147784,NULL
147785,NULL
147791,NULL
147801,NULL
147803,NULL
147805,NULL
147807,NULL
147810,"t-v-a-cafe-recess-washington"
147812,NULL
147813,NULL
147814,NULL
147816,NULL
147822,NULL
147823,NULL
147824,NULL
147827,NULL
147828,"bonmi-washington"
147829,NULL
147831,NULL
147837,NULL
147838,NULL
147839,NULL
147853,NULL
147854,NULL
147856,NULL
147860,NULL
147863,NULL
147868,"bold-bite-washington"
147878,NULL
147884,"woodlands-vegan-bistro-washington"
147888,"sonoma-restaurant-and-wine-bar-washington"
147889,"jacks-fresh-washington-3"
147892,NULL
147894,NULL
147896,NULL
147898,NULL
147901,"jacks-fresh-washington-3"
147902,NULL
147905,NULL
147907,NULL
147911,NULL
147914,NULL
147915,NULL
147918,NULL
147919,NULL
147927,NULL
147934,NULL
147935,NULL
147937,"mamma-mia-washington"
147939,"uptown-cafe-washington-2"
147943,NULL
147944,"chopt-creative-salad-company-washington-4"
147945,NULL
147950,NULL
147954,"mcdonalds-washington-39"
147955,NULL
147956,"subway-washington-9"
147959,NULL
147961,NULL
147962,NULL
147964,NULL
147965,NULL
147966,NULL
147967,NULL
147971,"jacks-famous-deli-washington"
147973,"big-bear-cafe-washington"
147974,NULL
147978,NULL
147980,"trattoria-alberto-washington"
147982,"station-cafe-washington"
147983,"dc-noodles-washington-6"
147984,NULL
147986,NULL
147987,NULL
147988,"thaiphoon-washington"
147994,"capriottis-sandwich-shop-washington"
147995,"district-of-pi-washington"
147997,"i-ching-washington"
148001,NULL
148011,"ninnella-washington-2"
148013,"the-silver-spork-washington"
148015,NULL
148016,NULL
148020,NULL
148021,NULL
148023,NULL
148028,NULL
148058,NULL
148061,NULL
148065,NULL
148067,NULL
148075,NULL
148077,"nandos-peri-peri-washington-3"
148078,NULL
148081,NULL
148082,NULL
148083,NULL
148084,"madhatter-washington-2"
148085,NULL
148088,"ritas-west-indian-carryout-washington"
148089,NULL
148090,"flippin-pizza-washington-2"
148091,"jimmy-johns-washington-2"
148092,NULL
148100,"sichuan-pavilion-washington"
148112,NULL
148113,NULL
148115,"starbucks-washington-98"
148120,NULL
148123,NULL
148128,"alba-osteria-washington"
148129,NULL
148130,NULL
148131,NULL
148134,NULL
148139,NULL
148144,"mixtec-restaurant-washington"
148154,NULL
148156,NULL
148157,NULL
148158,"kellari-taverna-washington-2"
148172,NULL
148173,"bistro-cacao-washington-2"
148174,NULL
148181,NULL
148185,NULL
148187,NULL
148190,"seasons-restaurant-washington"
148196,"the-brown-bag-washington"
148199,NULL
148204,"la-colombe-washington-2"
148212,"pinstripes-washington"
148213,NULL
148215,NULL
148216,NULL
148220,NULL
148221,NULL
148222,NULL
148225,NULL
148226,"mcdonalds-washington-23"
148228,"noodles-and-company-washington-4"
148230,NULL
148231,NULL
172240,"mcdonalds-washington-45"
172246,NULL
172247,"custom-fuel-pizza-washington-2"
172255,NULL
172256,NULL
172258,NULL
172267,"wendys-washington-9"
172268,"punjabi-dhaba-washington"
172269,NULL
172274,NULL
172288,NULL
172293,NULL
172294,NULL
172296,NULL
172297,"wendys-washington-3"
172298,NULL
172299,NULL
172304,NULL
172305,NULL
172314,"pret-a-manger-washington-2"
172317,"five-guys-burgers-and-fries-washington-6"
172319,"chipotle-mexican-grill-washington-10"
172322,NULL
172323,"toro-toro-dc-washington"
172324,NULL
172325,NULL
172327,NULL
172329,"pizzarro-washington"
172331,NULL
172334,"eddies-carryout-washington"
172352,NULL
172356,"tonys-breakfast-washington"
172357,NULL
172365,NULL
172369,"amsterdam-falafelshop-washington-4"
172382,NULL
172386,NULL
172393,"new-york-cafe-washington"
172395,"subway-washington-30"
172398,"momiji-washington"
172399,NULL
172406,NULL
172407,NULL
172412,"district-taco-washington-4"
172415,"the-house-of-falafel-washington-2"
172420,NULL
172422,NULL
172423,NULL
172424,NULL
172429,NULL
172430,"grand-deli-and-cafe-washington"
172431,"grand-deli-and-cafe-washington"
172434,NULL
172436,"roses-luxury-washington"
172442,NULL
172447,NULL
172449,NULL
172453,NULL
172454,NULL
172455,NULL
172467,"brooklands-finest-washington-2"
172472,NULL
172473,"nandos-peri-peri-washington-11"
172474,NULL
172476,NULL
172477,NULL
172481,"g-street-food-washington-4"
172485,NULL
172486,"bergamis-washington"
172487,"menu-market-bistrobar-kitchen-washington-2"
172494,"z-burger-washington"
172495,NULL
172501,"tico-washington"
172502,NULL
172505,NULL
172507,"hip-hop-fish-and-chicken-washington"
172510,"bourbon-washington-2"
172512,"osman-and-joes-steak-n-egg-kitchen-washington"
172518,"love-n-faith-community-cafe-washington-2"
172520,"custom-fuel-pizza-washington-4"
172522,"po-boy-jim-washington"
172542,NULL
172543,"tbsp-the-best-sandwich-place-washington"
172545,"smith-public-trust-washington"
172553,NULL
172554,NULL
172558,"georgetown-dinette-washington"
172566,NULL
172567,"shake-shack-washington-6"
172571,"and-pizza-washington-11"
172573,NULL
172574,"sweetgreen-washington-15"
172577,"steel-plate-washington-2"
172582,"rural-society-washington"
172584,"creme-caf?and-lounge-washington-2"
172602,"aroma-indian-cuisine-washington-3"
172603,"aroma-indian-cuisine-washington-3"
172604,"aroma-indian-cuisine-washington-3"
172605,"aroma-indian-cuisine-washington-3"
172606,NULL
172608,"noelia-washington-2"
172618,"fat-petes-barbeque-washington"
172623,NULL
172625,NULL
172628,NULL
172634,"pizza-autentica-washington-2"
172637,"boss-shepherds-washington"
172646,"primi-piatti-washington-2"
172649,NULL
172650,"michos-lebanese-grill-washington"
172654,"west-wing-cafe-washington-4"
172655,"a-deli-washington"
172660,"india-gate-washington-2"
172661,NULL
172664,"lunchbox-washington"
172665,NULL
172668,"al-crostino-washington"
172672,"grk-fresh-greek-washington-2"
172677,"cafe-paradiso-washington"
172680,"devon-and-blakely-washington-4"
172681,"masala-art-washington-4"
172682,NULL
172685,NULL
172694,NULL
172701,NULL
172703,NULL
172716,"penn-social-washington"
172720,"pizza-no-17-washington"
172723,"subway-washington-54"
172725,"hooters-washington"
172733,NULL
172734,NULL
172738,"thaiphoon-washington"
172742,NULL
172744,"charm-thai-restaurant-washington-2"
172745,"brookland-pint-washington-10"
172747,"takorean-korean-bbq-tacos-washington-4"
172748,NULL
172756,"dc-harvest-washington-3"
172757,NULL
172767,NULL
172768,NULL
172775,NULL
172777,"eat-and-joy-washington"
172780,"dbgb-kitchen-and-bar-washington"
172787,NULL
172788,"top-spanish-cafe-and-catering-washington"
172791,"del-friscos-double-eagle-washington-2"
172793,NULL
172800,"parlay-gastropub-washington"
172801,NULL
172804,"alphonse-italian-market-and-osteria-washington"
172806,"banana-leaf-washington-9"
172808,NULL
172809,"paul-bakery-and-caf?washington-2"
172810,NULL
172814,NULL
172815,NULL
172818,"and-pizza-washington-15"
172820,"taqueria-habanero-washington"
172821,"charbar-washington"
172824,"panera-bread-washington-3"
172826,"bistroquet-washington-2"
172828,NULL
172829,"plum-blossom-washington"
172830,"driftwood-kitchen-washington"
172833,"bread-and-salt-washington"
172835,NULL
172836,NULL
172837,NULL
172871,NULL
172874,"the-manor-washington"
172875,"atrium-cafe-washington-3"
172878,"native-foods-cafe-washington-3"
172885,"atrium-cafe-washington"
172886,NULL
172889,"willies-brew-and-que-washington"
172891,NULL
172892,NULL
172893,NULL
172894,NULL
172897,"chez-billy-sud-washington"
172898,"nagomi-izakaya-washington-2"
172901,NULL
172903,"slipstream-washington"
172906,"cava-mezze-grill-washington-4"
172910,"costa-brava-washington"
172911,"potbelly-sandwich-shop-washington-32"
172913,"roti-mediterranean-grill-washington-5"
172914,"diego-washington"
172918,NULL
172920,NULL
172921,"plan-b-burger-bar-washington"
172922,"urbana-washington"
172923,"washington-firehouse-washington"
172924,"thip-khao-washington"
172926,"dc-3-washington-2"
172933,"radici-washington"
172935,"native-foods-cafe-washington-5"
172938,"el-camino-washington-2"
172943,"black-and-orange-washington-2"
172951,NULL
172952,"second-state-restaurant-washington"
172959,NULL
172960,NULL
172961,"bulldog-tavern-washington"
172988,NULL
173002,NULL
173008,NULL
173014,"blue-duck-tavern-washington"
173016,NULL
173019,NULL
173021,"shophouse-southeast-asian-kitchen-washington-5"
173027,"salad-creations-washington"
173028,"subway-washington-123"
173031,"indigo-washington-3"
173035,NULL
173036,NULL
173037,NULL
173038,NULL
173042,"copycat-co-washington-2"
173046,NULL
173053,NULL
173055,NULL
173060,NULL
173068,"duplex-diner-washington"
173071,NULL
173072,"100-montaditos-washington-2"
173074,"mr-smiths-of-georgetown-washington"
173077,NULL
173079,NULL
173080,NULL
173082,NULL
173083,NULL
173084,NULL
173085,NULL
173088,NULL
173097,NULL
173103,NULL
173109,"beau-thai-washington-4"
173110,NULL
173111,NULL
173116,NULL
173117,NULL
173122,NULL
173130,NULL
173135,NULL
173140,"hunan-dynasty-washington"
173142,"basil-thai-restaurant-washington"
173145,NULL
173146,"china-express-washington"
173147,"the-heights-washington-2"
173150,NULL
173152,NULL
173153,"addis-ethiopian-restaurant-washington"
173160,NULL
173167,NULL
173169,"central-michel-richard-washington"
173170,"chix-washington"
173172,NULL
173174,"jacks-fresh-washington-5"
173175,"la-villa-pizzeria-washington"
173178,"chicken-rico-baltimore"
173181,NULL
173182,"the-eye-street-grill-washington"
173184,NULL
173186,"silver-crust-washington"
173188,NULL
173189,NULL
173193,"toscana-cafe-washington-7"
173194,NULL
173195,NULL
173197,"toscana-cafe-washington-7"
173199,"busboys-and-poets-washington-7"
173201,NULL
173202,NULL
173204,NULL
173205,NULL
173207,"black-iron-pizza-washington"
173208,NULL
173213,NULL
173215,NULL
173216,NULL
173218,"beefsteak-washington-3"
173219,NULL
173234,"tryst-at-the-phillips-washington"
187241,"the-brown-bag-washington-2"
187244,"red-robin-burger-works-washington"
187245,NULL
187250,NULL
187257,"purple-patch-washington"
187263,NULL
187272,"capital-cafe-washington"
187273,"bonchon-navy-yard-washington"
187278,NULL
187281,"la-granja-de-oro-washington-2"
187282,NULL
187293,"maketto-at-union-market-washington"
187300,"smokeys-washington-2"
187302,NULL
187304,NULL
187306,"potbelly-sandwich-shop-washington-17"
187309,NULL
187311,NULL
